Aishe Code,Name,State,District,Website,Year Of Establishment,Location,College Type,Manegement,University Name,University Type
C-24461,"AKNU Campus, T.P.Gudem",Andhra Pradesh,West Godavari,www.aknu.edu.in,2004,Rural,PG Center / Off-Campus Center,University,"Adikavi Nannaya University, Rajahmundry, East Godawari",State Public University
C-71080,"GIDEONS COLLEGE OF EDUCATION, GIDDALURU",Andhra Pradesh,Prakasam,www.gideonsedugdlr.ac.in,-,Urban,Affiliated College,Private Un-Aided,"Acharya Nagarjuna University, Guntur",State Public University
C-30296,Masha College of Education,Andhra Pradesh,Y.S.R.,www.mashacoe.in,2003,Urban,Affiliated College,Private Un-Aided,"Yogi Vemana University, Kadapa",State Public University
C-71081,"KLR COLLEGE OF EDUCATION,GIDDALUR",Andhra Pradesh,Prakasam,www.klredugdlr.ac.in,-,Urban,Affiliated College,Private Un-Aided,"Acharya Nagarjuna University, Guntur",State Public University
C-26825,"ADITYA DEGREE COLLEGE, PALAKOL",Andhra Pradesh,West Godavari,http://www.aditya.ac.in,2005,Urban,Affiliated College,Private Un-Aided,"Adikavi Nannaya University, Rajahmundry, East Godawari",State Public University
C-30297,Sri Narayanadri College of Education,Andhra Pradesh,Y.S.R.,WWW.SRINARAYANADRI.ORG.IN,2011,Urban,Affiliated College,Private Un-Aided,"Yogi Vemana University, Kadapa",State Public University
C-55572,JOY KARTHIK DEGREE COLLEGE,Andhra Pradesh,Visakhapatnam,www.joykarthikdc.com,2007,Rural,Affiliated College,Private Un-Aided,"Andhra University, Visakhapatnam",State Public University
C-26973,"Vaagdevi Institute of Technology & Science, Proddatur",Andhra Pradesh,Y.S.R.,www.vitspdtr.ac.in,2002,Rural,Affiliated College,Private Un-Aided,"Jawaharlal Nehru Technological University, Anantapur",State Public University
C-27639,"Sri Kalahasthiswara Institute of Infor. & Manag. Sciences, Sri Kalahasthi.",Andhra Pradesh,Chittoor,www.skiims.co.in,2007,Rural,Affiliated College,Private Un-Aided,"Sri Venkateswara University, Tirupathy",State Public University
C-27638,"SRI.C.DASS Arts & Science Degree  College,    SATHYAVEDU Rural",Andhra Pradesh,Chittoor,babujc.stvd@gmail.com,1991,Rural,Affiliated College,Private Un-Aided,"Sri Venkateswara University, Tirupathy",State Public University
C-24908,H P N DEGREE COLLEGE,Andhra Pradesh,Srikakulam,www.hpndegreecolleges.com,2003,Rural,Affiliated College,Private Un-Aided,"Dr.B.R.Ambedkar University, Etcherla",State Public University
C-27637,"SDHR Degree College, Tirupati",Andhra Pradesh,Chittoor,www.sdhrdegreecollege.com,2006,Urban,Affiliated College,Private Un-Aided,"Sri Venkateswara University, Tirupathy",State Public University
C-27636,"S.V.U. College of Arts, Tirupati",Andhra Pradesh,Chittoor,www.svuniversity.edu.in ,1954,Urban,Constituent / University College,University,"Sri Venkateswara University, Tirupathy",State Public University
C-27634,"Sri Vivekananda   Degree College, Madanapalle Urban",Andhra Pradesh,Chittoor,Svdcmpl.in,2006,Urban,Affiliated College,Private Un-Aided,"Sri Venkateswara University, Tirupathy",State Public University
C-27631,"S.R.Govt.      Degree    College,      PUNGANUR Rural",Andhra Pradesh,Chittoor,www.srgdcpunganur.ac.in,1983,Rural,Affiliated College,State Government,"Sri Venkateswara University, Tirupathy",State Public University
C-27629,SRI VANI Degree College PALAMANER Rural,Andhra Pradesh,Chittoor,www.kedcs.com,2003,Rural,Affiliated College,Private Un-Aided,"Sri Venkateswara University, Tirupathy",State Public University
C-27628,"Vignan Degree College, Bangarupalem",Andhra Pradesh,Chittoor,www.vignanbgp2007.com,2007,Rural,Affiliated College,Private Un-Aided,"Sri Venkateswara University, Tirupathy",State Public University
C-24949,MAHENDRA DEGREE COLLEGE,Andhra Pradesh,Srikakulam,mahendra.info,1996,Rural,Affiliated College,Private Un-Aided,"Dr.B.R.Ambedkar University, Etcherla",State Public University
C-24948,THAMMI NAIDU DEGREE COLLEGE,Andhra Pradesh,Srikakulam,www.thamminadu.com,2003,Rural,Affiliated College,Private Un-Aided,"Dr.B.R.Ambedkar University, Etcherla",State Public University
C-24946,ADITYA DEGREE COLLEGE,Andhra Pradesh,Srikakulam,www.adityadegreecollege.com,2000,Rural,Affiliated College,Private Un-Aided,"Dr.B.R.Ambedkar University, Etcherla",State Public University
C-24945,SRI VENKATA SAI DEGREE COLLEGE,Andhra Pradesh,Srikakulam,www.svsdgcollege.com,2005,Rural,Affiliated College,Private Un-Aided,"Dr.B.R.Ambedkar University, Etcherla",State Public University
C-24942,SRI RADHAKRISHNA COLLEGE OF EDUCATION,Andhra Pradesh,Srikakulam,WWW.srdkcoe.org,2003,Rural,Affiliated College,Private Un-Aided,"Dr.B.R.Ambedkar University, Etcherla",State Public University
C-24941,GOVERNMENT DEGREE COLLEGE FOR MEN,Andhra Pradesh,Srikakulam,www.gcmsklm.ac.in,1951,Urban,Affiliated College,State Government,"Dr.B.R.Ambedkar University, Etcherla",State Public University
C-24940,B.S. & J.R. DEGREE COLLEGE,Andhra Pradesh,Srikakulam,WWW.BSJRDC.Com,1994,Rural,Affiliated College,Private Un-Aided,"Dr.B.R.Ambedkar University, Etcherla",State Public University
C-24938,SRI RAMESWARI DEGREE COLLEGE,Andhra Pradesh,Srikakulam,www.srdccollegs.in,2005,Rural,Affiliated College,Private Un-Aided,"Dr.B.R.Ambedkar University, Etcherla",State Public University
C-24937,RAVOOF &  VAZIR KHAN MEMORIAL COLLEGE OF EDUCATION,Andhra Pradesh,Srikakulam,www.rvkmce.com,2007,Rural,Affiliated College,Private Un-Aided,"Dr.B.R.Ambedkar University, Etcherla",State Public University
C-24936,MOTHER THERESA DEGREE COLLEGE,Andhra Pradesh,Srikakulam,WWW.MOTHEERTHERESADEGREECOLLEGETEKKALI.COM,2005,Rural,Affiliated College,Private Un-Aided,"Dr.B.R.Ambedkar University, Etcherla",State Public University
C-24935,VAMSADHARA DEGREE COLLEGE,Andhra Pradesh,Srikakulam,http://vamsadharadegreecollege.com,2002,Rural,Affiliated College,Private Un-Aided,"Dr.B.R.Ambedkar University, Etcherla",State Public University
C-24934,SPOORTHY DEGREE COLLEGE,Andhra Pradesh,Srikakulam,WWW.SPOORTHYCOLLEGE/RAJAM.COM,2005,Rural,Affiliated College,Private Un-Aided,"Dr.B.R.Ambedkar University, Etcherla",State Public University
C-24933,GURAJADA COLLEGE OF EDUCATION,Andhra Pradesh,Srikakulam,www.gurajadacollegeofednsklm.com,1984,Rural,Affiliated College,Private Un-Aided,"Dr.B.R.Ambedkar University, Etcherla",State Public University
C-24932,"GOVERNMENT DEGREE COLLEGE, PALAKONDA",Andhra Pradesh,Parvathipuram Manyam,www.gdcplkd.com,1983,Rural,Affiliated College,State Government,"Dr.B.R.Ambedkar University, Etcherla",State Public University
C-24931,SRI SAI DEGREE COLLEGE,Andhra Pradesh,Srikakulam,srisaidegreecollege.in,2007,Rural,Affiliated College,Private Un-Aided,"Dr.B.R.Ambedkar University, Etcherla",State Public University
C-24923,"VAMSADHARA DEGREE COLLEGE, KOTABOMMALI",Andhra Pradesh,Srikakulam,WWW.VAMSADHARADC.ORG.IN,2003,Rural,Affiliated College,Private Un-Aided,"Dr.B.R.Ambedkar University, Etcherla",State Public University
C-24922,SRI. GCSR. DEGREE COLLEGE,Andhra Pradesh,Srikakulam,www.srigcsrcollege.org,1992,Urban,Affiliated College,Private Un-Aided,"Dr.B.R.Ambedkar University, Etcherla",State Public University
C-24916,SRI KRISHNA SAI DEGREE COLLEGE,Andhra Pradesh,Srikakulam,https://www.sksdc,2002,Rural,Affiliated College,Private Un-Aided,"Dr.B.R.Ambedkar University, Etcherla",State Public University
C-24912,KIRANMAI DEGREE COLLEGE,Andhra Pradesh,Srikakulam,WWW.KIRANMAYI.PPM,2003,Rural,Affiliated College,Private Un-Aided,"Dr.B.R.Ambedkar University, Etcherla",State Public University
C-24911,VAMSADHARA COLLEGE OF EDUCATION,Andhra Pradesh,Srikakulam,vamsadharacoe.org.in,2007,Rural,Affiliated College,Private Un-Aided,"Dr.B.R.Ambedkar University, Etcherla",State Public University
C-24910,PRAJNA COLLEGE OF SCIENCE & ARTS NEAR G.J. COLLEGE,Andhra Pradesh,Srikakulam,www.prajnacollege.org.in,1999,Urban,Affiliated College,Private Un-Aided,"Dr.B.R.Ambedkar University, Etcherla",State Public University
C-27754,"KMM Institute of P.G. Studies, Ramireddi Palle, Tirupati",Andhra Pradesh,Tirupati,kmmips.ac.in,2001,Rural,Affiliated College,Private Un-Aided,"Sri Venkateswara University, Tirupathy",State Public University
C-55017,LITTLE ROSE COLLEGE OF EDUCATION,Andhra Pradesh,Dr. B.R. Ambedkar Konaseema,www.littlerose.org.in,2004,Rural,Affiliated College,Private Aided (Government Aided),"Adikavi Nannaya University, Rajahmundry, East Godawari",State Public University
C-24297,ABHYUDAYA DEGREE COLLEGE,Andhra Pradesh,West Godavari,abhyudayadc.com,2005,Rural,Affiliated College,Private Un-Aided,"Adikavi Nannaya University, Rajahmundry, East Godawari",State Public University
C-30253,Sri Srinivasa Degree College,Andhra Pradesh,Y.S.R.,srinivasadegreecollege.in,2005,Urban,Affiliated College,Private Un-Aided,"Yogi Vemana University, Kadapa",State Public University
C-24907,"S.B.S.Y.M.  DEGREE COLLEGE, PALASA",Andhra Pradesh,Srikakulam,sbsymdc.com,1981,Urban,Affiliated College,Private Aided (Government Aided),"Dr.B.R.Ambedkar University, Etcherla",State Public University
C-24906,VIDYADHARI DEGREE COLLEGE,Andhra Pradesh,Srikakulam,www.vidyadhari.com,2003,Rural,Affiliated College,Private Un-Aided,"Dr.B.R.Ambedkar University, Etcherla",State Public University
C-24905,ABHYUDAYA DEGREE COLLEGE,Andhra Pradesh,Srikakulam,www.abhyudayadegreecollege.com,2002,Urban,Affiliated College,Private Un-Aided,"Dr.B.R.Ambedkar University, Etcherla",State Public University
C-30300,Mahammod College of Education,Andhra Pradesh,Y.S.R.,mahamoodcollegeofeducationkadapa.com,2011,Urban,Affiliated College,Private Un-Aided,"Yogi Vemana University, Kadapa",State Public University
C-24904,SYSTEM DEGREE COLLEGE,Andhra Pradesh,Srikakulam,www.systemdegreecollege.org,2005,Rural,Affiliated College,Private Un-Aided,"Dr.B.R.Ambedkar University, Etcherla",State Public University
C-37208,Seven Hills College of Education,Andhra Pradesh,Guntur,www.shbedcollege.com,2007,Rural,Affiliated College,Private Un-Aided,"Acharya Nagarjuna University, Guntur",State Public University
C-37209,Kasturibai College of Education,Andhra Pradesh,Guntur,www.kasturibaibed.com,2011,Rural,Affiliated College,Private Un-Aided,"Acharya Nagarjuna University, Guntur",State Public University
C-37213,Vellanki College of Education,Andhra Pradesh,Guntur,WWW.VELLANKI COLLEGE OF EDUCATION.ORG,2007,Rural,Affiliated College,Private Un-Aided,"Acharya Nagarjuna University, Guntur",State Public University
C-24903,RANGUMUDRI COLLEGE OF EDUCATION,Andhra Pradesh,Srikakulam,www.rangumudricollegeofeducation.com,2003,Rural,Affiliated College,Private Un-Aided,"Dr.B.R.Ambedkar University, Etcherla",State Public University
C-24896,"GOVERNMENT DEGREE COLLEGE, SEETHAMMAPETA",Andhra Pradesh,Parvathipuram Manyam,www.gdcseethampeta.org,2008,Rural,Affiliated College,State Government,"Dr.B.R.Ambedkar University, Etcherla",State Public University
C-24894,SURYA TEJA DEGREE COLLEGE,Andhra Pradesh,Srikakulam,http://www.suryatejacollege.org/,2011,Urban,Affiliated College,Private Un-Aided,"Dr.B.R.Ambedkar University, Etcherla",State Public University
C-24893,BADAGALA SANKARA RAO DEGREE COLLEGE,Andhra Pradesh,Srikakulam,bsreskvt.org,2005,Rural,Affiliated College,Private Un-Aided,"Dr.B.R.Ambedkar University, Etcherla",State Public University
C-24847,GEETAM DEGREE COLLEGE,Andhra Pradesh,Srikakulam,https://Geetamcollege.in,2005,Urban,Affiliated College,Private Un-Aided,"Dr.B.R.Ambedkar University, Etcherla",State Public University
C-24899,SATHAVAHANA COLLEGE OF SCIENCE & ARTS,Andhra Pradesh,Srikakulam,WWW.SATHAVAHANACOLLEGE.COM,2005,Rural,Affiliated College,Private Un-Aided,"Dr.B.R.Ambedkar University, Etcherla",State Public University
C-27671,Govt. Degree College Kuppam  Rural  Co-Ed.,Andhra Pradesh,Chittoor,www.gdckuppam.edu.in,2008,Rural,Affiliated College,State Government,"Sri Venkateswara University, Tirupathy",State Public University
C-24876,GOVERNMENT COLLEGE FOR WOMEN,Andhra Pradesh,Srikakulam,www.gcwskl.ac.in,1968,Urban,Affiliated College,State Government,"Dr.B.R.Ambedkar University, Etcherla",State Public University
C-24891,GHANTA NARAYANA RAO PRIVATE UN  AIDED DEGREE COLLEGE,Andhra Pradesh,Srikakulam,www.gnrdc.in,2005,Urban,Affiliated College,Private Un-Aided,"Dr.B.R.Ambedkar University, Etcherla",State Public University
C-24890,SRI SIVANI DEGREE COLLEGE,Andhra Pradesh,Srikakulam,www.srisivanidegreecollege.com,1998,Urban,Affiliated College,Private Un-Aided,"Dr.B.R.Ambedkar University, Etcherla",State Public University
C-24889,GOVERNMENT DEGREE COLLEGE Narasanna Peta,Andhra Pradesh,Srikakulam,www.gdcnarasannapeta.ac.in,1981,Rural,Affiliated College,State Government,"Dr.B.R.Ambedkar University, Etcherla",State Public University
C-24888,SARADA DEGREE COLLEGE,Andhra Pradesh,Srikakulam,www.saradadegreecollegesrikakulam.in,1999,Rural,Affiliated College,Private Un-Aided,"Dr.B.R.Ambedkar University, Etcherla",State Public University
C-24887,Dr.  C.L. NAIDU DEGREE COLLEGE,Andhra Pradesh,Srikakulam,www.clndegree ,2005,Rural,Affiliated College,Private Un-Aided,"Dr.B.R.Ambedkar University, Etcherla",State Public University
C-24881,SRI PRATIBA DEGREE COLLEGE,Andhra Pradesh,Srikakulam,www.sriprathibhadegree.co.in,2003,Urban,Affiliated College,Private Un-Aided,"Dr.B.R.Ambedkar University, Etcherla",State Public University
C-24880,SAMASKARA BHARATHI DEGREE COLLEGE,Andhra Pradesh,Srikakulam,www.samskarabharathi.com,2005,Rural,Affiliated College,Private Un-Aided,"Dr.B.R.Ambedkar University, Etcherla",State Public University
C-24878,SANTHINIKETAN DEGREE COLLEGE,Andhra Pradesh,Srikakulam,www.santhiniketandegreecollege.com,1997,Rural,Affiliated College,Private Un-Aided,"Dr.B.R.Ambedkar University, Etcherla",State Public University
C-24875,SSR COLLAGE OF EDUCATTION,Andhra Pradesh,Srikakulam,www.ssrcollegeofeducation.com,2011,Rural,Affiliated College,Private Un-Aided,"Dr.B.R.Ambedkar University, Etcherla",State Public University
C-24874,S.V.J.  DEGREE COLLEGE,Andhra Pradesh,Srikakulam,www.svjdegreecollege.com,2005,Rural,Affiliated College,Private Un-Aided,"Dr.B.R.Ambedkar University, Etcherla",State Public University
C-47707,"TT COLLEGE, AALO",Arunachal Pradesh,West Siang,www.ttcaalo.org.in,2011,Rural,Affiliated College,Private Un-Aided,"Rajiv Gandhi University, Itanagar",Central University
C-47709,"GOVERNMENT COLLEGE, DAPORIJO",Arunachal Pradesh,Upper Subansiri,https://uppersubansiri.nic.in/public-utility/government-college-daporijo/,2012,Urban,Affiliated College,State Government,"Rajiv Gandhi University, Itanagar",Central University
C-63904,ZION INSTITUTE OF NURSING,Arunachal Pradesh,Papum Pare,www.zioninstitute.org,2013,Urban,Affiliated College,Private Un-Aided,"Rajiv Gandhi University, Itanagar",Central University
C-47705,"SIANG ROYAL ACADEMY, PASIGHAT",Arunachal Pradesh,East Siang,siangroyalacademy.com,2012,Urban,Affiliated College,Private Un-Aided,"Rajiv Gandhi University, Itanagar",Central University
C-16304,"Indira Gandhi Government College, Tezu",Arunachal Pradesh,Lohit,www.iggc.org.in,1986,Rural,Affiliated College,State Government,"Rajiv Gandhi University, Itanagar",Central University
C-67966,"GOVERNMENT NURSING COLLEGE, PASIGHAT",Arunachal Pradesh,East Siang,-,2020,Urban,Affiliated College,State Government,"Rajiv Gandhi University, Itanagar",Central University
C-57154,DONYI POLO B.Ed COLLEGE,Arunachal Pradesh,Papum Pare,www.donyipolobedcollge.in,2015,Urban,Affiliated College,Private Un-Aided,"Rajiv Gandhi University, Itanagar",Central University
C-16292,"Donyi Polo Government College, Kamki",Arunachal Pradesh,West Siang,www.dpgc.ac.in,1996,Rural,Affiliated College,State Government,"Rajiv Gandhi University, Itanagar",Central University
C-60512,Tomo Riba Institute of Health and Medical Sciences,Arunachal Pradesh,Papum Pare,www.trihms.co.in,2018,Urban,Affiliated College,State Government,"Rajiv Gandhi University, Itanagar",Central University
C-55481,DENNING COLLEGE FOR TEACHERS EDUCATION,Arunachal Pradesh,Lohit,www.denning-college.org,2013,Urban,Affiliated College,Private Un-Aided,"Rajiv Gandhi University, Itanagar",Central University
C-16299,"Neelam Taram Government College, Yachuli",Arunachal Pradesh,Lower Subansiri,www.gcyachuli.ac.in,2007,Rural,Affiliated College,State Government,"Rajiv Gandhi University, Itanagar",Central University
C-47706,"MUDO TAMO MEMORIAL COLLEGE, ZIRO",Arunachal Pradesh,Lower Subansiri,www.mtmcollege.ac.in,2011,Rural,Affiliated College,Private Un-Aided,"Rajiv Gandhi University, Itanagar",Central University
C-26828,"College of Horticulture and Forestry, Pasighat",Arunachal Pradesh,East Siang,http://chfcau.org.in,2001,Rural,Constituent / University College,Central Government,"Central Agricultural University, Imphal",Central University
C-58879,MAHABODHI LORD BUDDHA COLLEGE,Arunachal Pradesh,Lohit,www.mlbcollege.in,2013,Rural,Affiliated College,Private Aided (Government Aided),"Rajiv Gandhi University, Itanagar",Central University
C-55380,"Government women college, NAHARLAGUN",Arunachal Pradesh,Papum Pare,bygwcpoma.in,2014,Urban,Affiliated College,State Government,"Rajiv Gandhi University, Itanagar",Central University
C-16291,"Dera Natung Government College, Itanagar",Arunachal Pradesh,Papum Pare,www.dngc.ac.in,1979,Urban,Affiliated College,State Government,"Rajiv Gandhi University, Itanagar",Central University
C-16289,"Hills College of Teacher's Education, Naharlagun",Arunachal Pradesh,Papum Pare,www.hcte.org,2006,Rural,Affiliated College,Private Un-Aided,"Rajiv Gandhi University, Itanagar",Central University
C-73731,SEI MEMORIAL COLLEGE    ,Arunachal Pradesh,Papum Pare,www.seimemorialcollege.com,2023,Rural,Affiliated College,Private Un-Aided,"Rajiv Gandhi University, Itanagar",Central University
C-57246,VIVEKANANDA KENDRA COLLEGE OF TEACHER EDUCATION,Arunachal Pradesh,Papum Pare,www.vkcte.ac.in,2015,Urban,Affiliated College,Private Un-Aided,"Rajiv Gandhi University, Itanagar",Central University
C-16288,"Saint Claret College, Ziro",Arunachal Pradesh,Lower Subansiri,www.sccz.edu.in,2003,Rural,Affiliated College,Private Aided (Government Aided),"Rajiv Gandhi University, Itanagar",Central University
C-60311,"College of Agriculture, Pasighat",Arunachal Pradesh,East Siang,www.cau.ac.in,-,Rural,Constituent / University College,University,"Central Agricultural University, Imphal",Central University
C-60561,"GOVERNMENT MODEL COLLEGE, GEKU",Arunachal Pradesh,Upper Siang,www.gmdcgeku.in,2014,Rural,Affiliated College,State Government,"Rajiv Gandhi University, Itanagar",Central University
C-66910,ARUNACHAL STATE NURSING COLLEGE TRIHMS NAHARLAGUN,Arunachal Pradesh,Papum Pare,asnc.co.in,2020,Urban,Affiliated College,State Government,"Rajiv Gandhi University, Itanagar",Central University
C-16293,Arunachal Law Academy,Arunachal Pradesh,Papum Pare,www.arunachallawacademy.com,2007,Urban,Affiliated College,Private Un-Aided,"Rajiv Gandhi University, Itanagar",Central University
C-16294,"North East Homeopathic Medical College, Itanagar",Arunachal Pradesh,Papum Pare,www.nehmch.org.in,2001,Urban,Affiliated College,Private Aided (Government Aided),"Rajiv Gandhi University, Itanagar",Central University
C-55095,Kasturba Gandhi Institue of Higher Education,Arunachal Pradesh,Lower Dibang Valley,www.kgihe.in,2014,Rural,Affiliated College,Private Un-Aided,"Rajiv Gandhi University, Itanagar",Central University
C-16295,"Doying Gumin College, Pasighat",Arunachal Pradesh,East Siang,www.dgcpasighat.in,2004,Rural,Affiliated College,Private Un-Aided,"Rajiv Gandhi University, Itanagar",Central University
C-73548,NORTH EASTERN INSTITUTE OF AYURVEDA AND FOLK MEDICINE RESEARCH    ,Arunachal Pradesh,East Siang,neiafmr.org.in,2024,Urban,Affiliated College,Central Government,"Rajiv Gandhi University, Itanagar",Central University
C-58505,"Venerable Uktara Bethany College, Manmow",Arunachal Pradesh,Lohit,www.vubcnamsai.com,2014,Rural,Affiliated College,Private Un-Aided,"Rajiv Gandhi University, Itanagar",Central University
C-61896,Govt Model Degree College Palin,Arunachal Pradesh,Kra Daadi,-,2018,Urban,Affiliated College,University,"Rajiv Gandhi University, Itanagar",Central University
C-61895,GOVERNMENT LAW COLLEGE,Arunachal Pradesh,Papum Pare,http://jgglc.ac.in/,2017,Rural,Affiliated College,State Government,"Rajiv Gandhi University, Itanagar",Central University
C-16296,"Don Bosco College, Juli, Itanagar",Arunachal Pradesh,Papum Pare,www.dbcitanagar.ac.in,2002,Rural,Affiliated College,Private Un-Aided,"Rajiv Gandhi University, Itanagar",Central University
C-47710,"TADAR TANIANG GOVERNMENT COLLEGE, NYAPIN",Arunachal Pradesh,Kurung Kumey,-,2008,Rural,Affiliated College,State Government,"Rajiv Gandhi University, Itanagar",Central University
C-16297,"Government College, Bomdila",Arunachal Pradesh,West Kameng,www.gcbdl.edu.in,1988,Urban,Affiliated College,Central Government,"Rajiv Gandhi University, Itanagar",Central University
C-59964,Dorjee Khandu Government College Tawang.,Arunachal Pradesh,Tawang,http://www.dkgct.in,2016,Urban,Affiliated College,State Government,"Rajiv Gandhi University, Itanagar",Central University
C-47708,"GOVERNMENT COLLEGE, DOIMUKH",Arunachal Pradesh,Papum Pare,https://gcdmkh.in,2012,Rural,Affiliated College,State Government,"Rajiv Gandhi University, Itanagar",Central University
C-16290,"Rang Frah Government College, Changlang",Arunachal Pradesh,Changlang,www.rangfrahgc.org,1996,Rural,Affiliated College,State Government,"Rajiv Gandhi University, Itanagar",Central University
C-16298,Arunachal Community College of Health Sciences,Arunachal Pradesh,Papum Pare,www.arunachalcommunitycollege.in,2007,Urban,Affiliated College,Local Body,"Rajiv Gandhi University, Itanagar",Central University
C-59988,Jomin Tayeng Government Model Degree College,Arunachal Pradesh,Lower Dibang Valley,www.jtgmdcollege.in,2016,Rural,Affiliated College,State Government,"Rajiv Gandhi University, Itanagar",Central University
C-16300,"Wangcha Rajkumar Government College, Deomali",Arunachal Pradesh,Tirap,www.wrgcollege.ac.in,1997,Urban,Affiliated College,State Government,"Rajiv Gandhi University, Itanagar",Central University
C-16301,"St. Francis De Sales College, Aalo",Arunachal Pradesh,West Siang,www.sfscaalo.ac.in,2007,Rural,Affiliated College,Private Un-Aided,"Rajiv Gandhi University, Itanagar",Central University
C-59891,Namdapha Degree College,Arunachal Pradesh,Changlang,http://www.namdaphadegreecollege.com,2018,Rural,Affiliated College,Private Un-Aided,"Rajiv Gandhi University, Itanagar",Central University
C-16302,Jawaharlal Nehru College Pasighat,Arunachal Pradesh,East Siang,www.jncpasighat.edu.in,1964,Urban,Affiliated College,State Government,"Rajiv Gandhi University, Itanagar",Central University
C-16303,Government College Seppa,Arunachal Pradesh,East Kameng,www.gcseppa.com,2010,Rural,Affiliated College,State Government,"Rajiv Gandhi University, Itanagar",Central University
C-60316,"Government Model College, Basar",Arunachal Pradesh,West Siang,-,2015,Rural,Affiliated College,State Government,"Rajiv Gandhi University, Itanagar",Central University
C-51742,North East Nursing College of Health Science,Arunachal Pradesh,Papum Pare,https://www.nenchs.com,-,Urban,Affiliated College,Private Un-Aided,"Rajiv Gandhi University, Itanagar",Central University
C-47704,"DAYING ERING COLLEGE OF TEACHERs EDUCATION, PASIGHAT",Arunachal Pradesh,East Siang,www.decte.in,2007,Rural,Affiliated College,Private Un-Aided,"Rajiv Gandhi University, Itanagar",Central University
C-61392,DON BOSCO COLLEGE GOLAGHAT,Assam,Golaghat,https://dbcgolaghat.edu.in,2015,Urban,Affiliated College,Private Un-Aided,"Dibrugarh University, Dibrugarh",State Public University
C-71750,GOVERNMENT MODEL COLLEGE BALIPARA,Assam,Sonitpur,www.gmcbalipara.ac.in,-,Rural,Affiliated College,State Government,"Gauhati University, Guwahati",State Public University
C-8363,Pub Majuli College P.O. Majuli,Assam,Majuli,www.pubmajulicollege.org,1990,Rural,Affiliated College,State Government,"Dibrugarh University, Dibrugarh",State Public University
C-17133,"Dimoria College ,Khetri",Assam,Kamrup Metro,www.dimoriacollege.ac.in,1979,Rural,Affiliated College,State Government,"Gauhati University, Guwahati",State Public University
C-17199,Nowgong Girls' College,Assam,Nagaon,www.nowgonggirlscollege.edu.in,1962,Urban,Affiliated College,State Government,"Gauhati University, Guwahati",State Public University
C-17198,K.R.B. Girls' College,Assam,Kamrup Metro,krbgirlscollege.ac.in,1971,Urban,Affiliated College,State Government,"Gauhati University, Guwahati",State Public University
C-63324,Pandit Deendayal Upadhyaya Adarsha Mahavidyalaya Behali,Assam,Biswanath,https://www.deendayalcollegebehali.in/,2017,Rural,Affiliated College,State Government,"Gauhati University, Guwahati",State Public University
C-17197,Lakhipur College,Assam,Goalpara,www.lakhipurcollege.ac.in,1981,Urban,Affiliated College,Local Body,"Gauhati University, Guwahati",State Public University
C-17196,Handique Girl's College,Assam,Kamrup Metro,www.hgcollege.edu.in,1939,Urban,Affiliated College,State Government,"Gauhati University, Guwahati",State Public University
C-17194,Uttar Kampith Mahavidyalaya,Assam,Nalbari,www.ukmahavidyalaya.ac.in,1983,Rural,Affiliated College,State Government,"Gauhati University, Guwahati",State Public University
C-17192,Hatsingimari College,Assam,South Salmara Mancachar,www.hatsingimaricollege.ac.in,1987,Rural,Affiliated College,State Government,"Gauhati University, Guwahati",State Public University
C-17190,Dhubri P.G.T.T. College,Assam,Dhubri,www.dhubripgttcollege.in,1991,Rural,Affiliated College,Local Body,"Gauhati University, Guwahati",State Public University
C-17189,Nabajyoti College,Assam,Barpeta,www.nabajyoticollege.ac.in,1971,Rural,Affiliated College,State Government,"Gauhati University, Guwahati",State Public University
C-17188,BRM Govt.Law College,Assam,Kamrup Metro,www.brmgovtlawcollege.org.in,1914,Urban,Affiliated College,State Government,"Gauhati University, Guwahati",State Public University
C-17187,Dhubri Law College,Assam,Dhubri,https://dhubrilawcollege.in/,1967,Urban,Affiliated College,Private Aided (Government Aided),"Gauhati University, Guwahati",State Public University
C-17186,T.T. College,Assam,Kamrup,www.ttcollegemirza.com,1992,Rural,Affiliated College,Private Un-Aided,"Gauhati University, Guwahati",State Public University
C-17185,Pub-Kamrup College,Assam,Kamrup,www.pubkamrupcollege.co.in,1972,Rural,Affiliated College,University,"Gauhati University, Guwahati",State Public University
C-17184,Chilarai College,Assam,Dhubri,www.chilaraicollege.co.in,1973,Urban,Affiliated College,State Government,"Gauhati University, Guwahati",State Public University
C-17183,Kaliabor College,Assam,Nagaon,www.kaliaborcollege.ac.in,1969,Rural,Affiliated College,State Government,"Gauhati University, Guwahati",State Public University
C-17181,Barpeta Law College,Assam,Barpeta,blc.ac.in,1972,Urban,Affiliated College,Private Un-Aided,"Gauhati University, Guwahati",State Public University
C-17179,Nirmal Haloi College,Assam,Bajali,www.nhcollege.ac.in,1979,Urban,Affiliated College,State Government,"Gauhati University, Guwahati",State Public University
C-17176,Swahid Smriti Mahavidyalaya,Assam,Nalbari,http://ssm.ac.in,1989,Rural,Affiliated College,State Government,"Gauhati University, Guwahati",State Public University
C-17174,Dalgoma Anchalik College,Assam,Goalpara,www.dalgomaanchalikcollege.co.in,1993,Rural,Affiliated College,State Government,"Gauhati University, Guwahati",State Public University
C-17172,R.G. Baruah College,Assam,Kamrup Metro,www.rgbaruahcollege.org,1978,Urban,Affiliated College,State Government,"Gauhati University, Guwahati",State Public University
C-17171,G.L. Choudhury College,Assam,Barpeta,www.glcc.ac.in,1990,Urban,Affiliated College,Local Body,"Gauhati University, Guwahati",State Public University
C-49246,PRAGJYOTISH BED COLLEGE PACHARIA .,Assam,Kamrup,www.pragjyotishbedcollegepacharia.com,2012,Rural,Affiliated College,Private Un-Aided,"Gauhati University, Guwahati",State Public University
C-17312,Gyanpeeth Degree College,Assam,Baksa,www.gyanpeethdegreecollege.in,1993,Rural,Affiliated College,State Government,BODOLAND UNIVERSITY,State Public University
C-17241,Ghanakanta Baruah College,Assam,Marigaon,gkbcollege.ac.in,1993,Urban,Affiliated College,State Government,"Gauhati University, Guwahati",State Public University
C-17257,Sonapur College,Assam,Kamrup Metro,www.sonapurcollege.ac.in,1991,Rural,Affiliated College,State Government,"Gauhati University, Guwahati",State Public University
C-50903,NORTH EASTERN REGIONAL INSTITUTE OF MANAGEMENT(NERIM),Assam,Kamrup Metro,nerimindia.org,1992,Urban,Affiliated College,Private Un-Aided,"Dibrugarh University, Dibrugarh",State Public University
C-17256,S.D.P. College of Teachers Education,Assam,Nalbari,https://sdpctetihu.org,1994,Rural,Affiliated College,Private Un-Aided,"Gauhati University, Guwahati",State Public University
C-8507,H.P.B.Girls College. Golaghat,Assam,Golaghat,www.hpbgirlscollege.edu.in,1969,Rural,Affiliated College,State Government,"Dibrugarh University, Dibrugarh",State Public University
C-17255,Asian Institute of Management and Technology,Assam,Kamrup,www.asianinstitutions.com,2008,Urban,Affiliated College,Private Un-Aided,"Gauhati University, Guwahati",State Public University
C-61818,Fakhruddin Ali Ahmed Medical College,Assam,Barpeta,www.faamcassam.co.in,2011,Rural,Affiliated College,State Government,"SRIMANTA SANKARADEVA UNIVERSITY OF HEALTH SCIENCES, GUWAHATI",State Public University
C-72048,NATIONAL FORENSIC SCIENCES UNIVERSITY GUWAHATI CAMPUS,Assam,Kamrup Metro,https://guwahati.nfsu.ac.in/,2023,Urban,PG Center / Off-Campus Center,Central Government,NATIONAL FORENSIC SCIENCES UNIVERSITY,Institute of National Importance
C-60506,Tupamari Anchalik College,Assam,Kamrup,tac.office1994@gmail.com,1994,Rural,Affiliated College,Local Body,"Gauhati University, Guwahati",State Public University
C-17126,"Jaleswar College , Tapoban",Assam,Goalpara,www.jaleswarcollege.ac.in,1981,Rural,Affiliated College,State Government,"Gauhati University, Guwahati",State Public University
C-71178,TEZPUR MEDICAL COLLEGE AND HOSPITAL,Assam,Sonitpur,www.tmchassam.edu.in,-,Rural,Affiliated College,State Government,"SRIMANTA SANKARADEVA UNIVERSITY OF HEALTH SCIENCES, GUWAHATI",State Public University
C-17288,Arya Vidyapeeth College,Assam,Kamrup Metro,www.avcollege.ac.in,1958,Urban,Affiliated College,State Government,"Gauhati University, Guwahati",State Public University
C-8492,"Paschim Dhemaji College P.O.Ghuguha Dol, Dhemaji",Assam,Dhemaji,www.paschimdhemajicollege.org,1997,Rural,Affiliated College,State Government,"Dibrugarh University, Dibrugarh",State Public University
C-60505,"Gurudev Kalicharan Brahma College, Tipkai ",Assam,Kokrajhar,https://gkbctipkai.com/about-gurudev-kalicharang-brahma/,1999,Rural,Affiliated College,Local Body,BODOLAND UNIVERSITY,State Public University
C-61817,Rahman Institute of Pharmaceutical Sciences and Research,Assam,Kamrup Metro,www.ripsr.org,2019,Rural,Affiliated College,Private Un-Aided,ASSAM SCIENCE AND TECHNOLOGY UNIVERSITY,State Public University
C-17118,Kalabari College,Assam,Biswanath,www.kalabaricollege.org.in,1992,Rural,Affiliated College,State Government,"Gauhati University, Guwahati",State Public University
C-65427,GOVT MODEL COLLEGE BORKHOLA,Assam,Cachar,https://gmcborkhola.org/ ,2020,Rural,Affiliated College,State Government,"Assam University, Silchar",Central University
C-8494,"Dr. Nobin  Bordoloi College P.O. Na-Ali ,Dhekiajuli",Assam,Jorhat,drnabinbordoloicollege.org,1986,Rural,Affiliated College,State Government,"Dibrugarh University, Dibrugarh",State Public University
C-1071,"North East Regional Centre, Tepesia Sports Complex, Sonapur, Guwahati",Assam,Kamrup,www.lnipe.edu.in,2009,Rural,PG Center / Off-Campus Center,Central Government,"Lakshmibai National Institute of Physical Education, Gwalior",Deemed University-Government
C-8475,Jorhat Institue of Science and Technology P.O. Chenijan-785010,Assam,Jorhat,http://www.jist.ac.in,1971,Rural,Affiliated College,State Government,"Dibrugarh University, Dibrugarh",State Public University
C-8506,Ledo College. Ledo. Tinsukia,Assam,Tinsukia,www.ledocollege.in,1997,Rural,Affiliated College,State Government,"Dibrugarh University, Dibrugarh",State Public University
C-17254,Progati College,Assam,Dhubri,www.progaticollege.org,1991,Rural,Affiliated College,State Government,"Gauhati University, Guwahati",State Public University
C-17253,Kamrup College,Assam,Nalbari,www.kamrupcollege.co.in,1966,Rural,Affiliated College,State Government,"Gauhati University, Guwahati",State Public University
C-66307,HITESWAR SAIKIA PARAMEDICAL COLLEGE,Assam,Kamrup Metro,www.hspcassam.org,-,Rural,Affiliated College,Private Un-Aided,"SRIMANTA SANKARADEVA UNIVERSITY OF HEALTH SCIENCES, GUWAHATI",State Public University
C-8390,Bordoloni Central College P.O. Bordoloni Tin Ali,Assam,Dhemaji,www.bordolonicentralcollege.org,1997,Rural,Affiliated College,State Government,"Dibrugarh University, Dibrugarh",State Public University
C-17249,Batadraba Sri Sri Sankardev College,Assam,Nagaon,www.batadrabassscollege.org.in,1989,Rural,Affiliated College,State Government,"Gauhati University, Guwahati",State Public University
C-17240,T.H.B. College,Assam,Sonitpur,www.thbcollege.in,1963,Rural,Affiliated College,State Government,"Gauhati University, Guwahati",State Public University
C-26400,M.K.Dey College,Assam,Cachar,www.mkdc1994.in,1994,Rural,Affiliated College,State Government,"Assam University, Silchar",Central University
C-26396,Karimganj Law College,Assam,Karimganj,http://karimganjlawcollege.ac.in/,1984,Urban,Affiliated College,Private Un-Aided,"Assam University, Silchar",Central University
C-8476,Demow Chariali College P.O.Demow Chariali,Assam,Dhemaji,dimowcharialicollege.in,1997,Rural,Affiliated College,University,"Dibrugarh University, Dibrugarh",State Public University
C-26398,T.T. College,Assam,Cachar,ttcollegesilchar.com,1960,Urban,Affiliated College,State Government,"Assam University, Silchar",Central University
C-8414,Barpathar College P.O.Barpathar-785602,Assam,Golaghat,barpatharcollege.edu.in,1987,Urban,Affiliated College,Central Government,"Dibrugarh University, Dibrugarh",State Public University
C-17350,S.B.M.S. College,Assam,Kamrup,www.sbmscollege.org,1963,Rural,Affiliated College,State Government,"Gauhati University, Guwahati",State Public University
C-8505,Dibru College,Assam,Dibrugarh,www.dibrucollege.edu.in,1963,Urban,Affiliated College,State Government,"Dibrugarh University, Dibrugarh",State Public University
C-17227,Barpeta Bongaigaon College,Assam,Barpeta,www.bbcollegelangla.co.in,1992,Rural,Affiliated College,State Government,"Gauhati University, Guwahati",State Public University
C-51496,Nazir Ajmal Memorial College of Education,Assam,Nagaon,http://namce.ajmalgroupofcolleges.org,2014,Rural,Affiliated College,Private Un-Aided,"Gauhati University, Guwahati",State Public University
C-17239,Milanjyoti College,Assam,Barpeta,www.milanjyoticollege.com,1997,Rural,Affiliated College,Local Body,"Gauhati University, Guwahati",State Public University
C-17123,Tangla College,Assam,Udalguri,www.tanglacollege.ac.in,1970,Rural,Affiliated College,State Government,"Gauhati University, Guwahati",State Public University
C-17322,Narangi Anchalik Mahavidyalaya,Assam,Kamrup Metro,http://narangianchalikmahavidyalaya.ac.in/,1991,Urban,Affiliated College,State Government,"Gauhati University, Guwahati",State Public University
C-17308,Gauhati Commerce College,Assam,Kamrup Metro,www.gauhaticommercecollege.in,1962,Urban,Affiliated College,State Government,"Gauhati University, Guwahati",State Public University
C-17162,Dispur College,Assam,Kamrup Metro,www.dispurcollege.ac.in,1978,Urban,Affiliated College,State Government,"Gauhati University, Guwahati",State Public University
C-25076,"Govt. B.T. College,Goalpara",Assam,Goalpara,www.ctegoalpara.co.in,1974,Urban,Affiliated College,Central Government,"Gauhati University, Guwahati",State Public University
C-26403,A.L.Choudhury College,Assam,Hailakandi,www.alccollegealgapur.ac.in,1996,Rural,Affiliated College,State Government,"Assam University, Silchar",Central University
C-26404,Hailakandi Women's College,Assam,Hailakandi,hailakandiwomenscollege.org/new/,1994,Urban,Affiliated College,Private Un-Aided,"Assam University, Silchar",Central University
C-26408,Karimganj College,Assam,Karimganj,www.karimganjcollege.ac.in,1946,Urban,Affiliated College,Local Body,"Assam University, Silchar",Central University
C-26409,"Women's College,Silchar",Assam,Cachar,www.wcsilchar.ac.in,1963,Urban,Affiliated College,State Government,"Assam University, Silchar",Central University
C-26410,Diphu Govt College,Assam,Karbi Anglong,www.diphugovernmentcollege.org,1964,Urban,Affiliated College,State Government,"Assam University, Silchar",Central University
C-26412,J.N.Singh College,Assam,Cachar,www.jagannathsinghcollege.ac.in,1998,Rural,Affiliated College,State Government,"Assam University, Silchar",Central University
C-26417,A.K.Chanda Law College,Assam,Cachar,https://akclclib.blogspot.com,1960,Urban,Affiliated College,Local Body,"Assam University, Silchar",Central University
C-17330,Goreswar College,Assam,Baksa,https://goreswarcollege.ac.in/,1974,Rural,Affiliated College,State Government,BODOLAND UNIVERSITY,State Public University
C-17294,Chhaygaon College,Assam,Kamrup,www.chhaygaoncollege.in,1974,Rural,Affiliated College,State Government,"Gauhati University, Guwahati",State Public University
C-25075,"College of Education,Nagaon",Assam,Nagaon,www.collegeofeducation.co.in,1992,Urban,Affiliated College,Private Un-Aided,"Gauhati University, Guwahati",State Public University
C-17226,Sipajhar College,Assam,Darrang,www.sipajharcollege.ac.in,1971,Rural,Affiliated College,State Government,"Gauhati University, Guwahati",State Public University
C-26415,Satya Ranjan College,Assam,Cachar,www.srcollege.ac.in,1992,Rural,Affiliated College,State Government,"Assam University, Silchar",Central University
C-71237,HAM AK RURAL COLLEGE OF EDUCATION,Assam,Nagaon,www.hamakeducation.in,-,Urban,Affiliated College,Private Un-Aided,"Gauhati University, Guwahati",State Public University
C-66768,G C PAUL COLLEGE OF EDUCATION,Assam,Karimganj,www.gcpaulcollegeofeducation.org.in,2011,Rural,Affiliated College,Private Un-Aided,"Assam University, Silchar",Central University
C-66769,DISTRICT INSTITUTE OF EDUCATION AND TRAINING KARBI ANGLONG DIPHU,Assam,Karbi Anglong,dietkarbianglong.in,2014,Urban,Affiliated College,State Government,"Assam University, Silchar",Central University
C-66770,DISTRICT INSTITUTE OF EDUCATION AND TRAINING HAILAKANDI,Assam,Hailakandi,diethailakandi.in,2014,Urban,Affiliated College,State Government,"Assam University, Silchar",Central University
C-66772,HITENDRA NATH MUSHAHARY COLLEGE,Assam,Kokrajhar,https://hitendranathmushaharycollege.edu.in,-,Rural,Affiliated College,Local Body,BODOLAND UNIVERSITY,State Public University
C-17344,Gauhati University Law College,Assam,Kamrup,-,-,-,Constituent / University College,-,"Gauhati University, Guwahati",State Public University
C-26402,Nehru College,Assam,Cachar,www.nehrucollege.org,1965,Rural,Affiliated College,State Government,"Assam University, Silchar",Central University
C-66001,ROWTA DEGREE COLLEGE,Assam,Udalguri,www.rowtadegreecollege.in,2012,Rural,Affiliated College,Local Body,BODOLAND UNIVERSITY,State Public University
C-57435,Guwahati College of Architecture,Assam,Kamrup Metro,www.guwarchcollege.com,2006,Urban,Affiliated College,Private Un-Aided,ASSAM SCIENCE AND TECHNOLOGY UNIVERSITY,State Public University
C-64258,NEPEDS COLLEGE OF PHARMACEUTICAL SCIENCES,Assam,Kamrup Metro,www.nepeds.in,2020,Urban,Affiliated College,Private Aided (Government Aided),"SRIMANTA SANKARADEVA UNIVERSITY OF HEALTH SCIENCES, GUWAHATI",State Public University
C-66000,SHIFA PHARMACIST INSTITUTE,Assam,Cachar,https://www.shifapharmacyinstitute.in/,2021,Rural,Affiliated College,Private Aided (Government Aided),"SRIMANTA SANKARADEVA UNIVERSITY OF HEALTH SCIENCES, GUWAHATI",State Public University
C-17182,Pragjyotish College,Assam,Kamrup Metro,https://pragjyotishcollege.ac.in,1954,Urban,Affiliated College,State Government,"Gauhati University, Guwahati",State Public University
C-64269,BRAHMAPUTRA COLLEGES,Assam,Kamrup Metro,www.brahmaputracollege.com,-,Rural,Affiliated College,Private Un-Aided,"SRIMANTA SANKARADEVA UNIVERSITY OF HEALTH SCIENCES, GUWAHATI",State Public University
C-8501,Mariani College P.O. Marioni--785634,Assam,Jorhat,www.marianicollege.org.in,1966,Rural,Affiliated College,State Government,"Dibrugarh University, Dibrugarh",State Public University
C-17097,Lanka Mahavidyalaya,Assam,Hojai,www.lankamahavidyalaya.in,1979,Rural,Affiliated College,State Government,"Gauhati University, Guwahati",State Public University
C-71467,S  R  ACADEMY,Assam,Kamrup Metro,sracademycollege.in,-,Urban,Affiliated College,Private Un-Aided,"Gauhati University, Guwahati",State Public University
C-17246,Dispur Law College,Assam,Kamrup Metro,www.dispurlawcollege.org,1993,Urban,Affiliated College,Private Aided (Government Aided),"Gauhati University, Guwahati",State Public University
C-69987,"GOVT COLLEGE OF ART AND CRAFTS, ASSAM",Assam,Kamrup Metro,https://govtcollegeofart.assam.gov.in,-,Urban,Affiliated College,State Government,"Gauhati University, Guwahati",State Public University
C-8500,Nazira College P.O. Nazira-785685,Assam,Sivasagar,www.naziracollege.in,1981,Urban,Affiliated College,State Government,"Dibrugarh University, Dibrugarh",State Public University
C-64270,REIMALIE ACADEMY COLLEGE B ED BIJNI,Assam,Chirang,www.reimalieacademycollege.com,-,Rural,Affiliated College,Private Un-Aided,BODOLAND UNIVERSITY,State Public University
C-8499,Janata Mahavidyalaya P.O.Borguri. Tinsukia,Assam,Tinsukia,janatamahavidyalaya.tsk@gmail.com,1982,Rural,Affiliated College,Private Un-Aided,"Dibrugarh University, Dibrugarh",State Public University
C-17245,Mangaldai Govt. T.T. College,Assam,Darrang,www.ctemangaldai.co.in,1973,Urban,Affiliated College,State Government,"Gauhati University, Guwahati",State Public University
C-17279,Rangia College,Assam,Kamrup,www.rangiacollege.ac.in,1963,Rural,Affiliated College,State Government,"Gauhati University, Guwahati",State Public University
C-63906,GIRIJANANDA CHOWDHURY INSTITUTE OF PHARMACEUTICAL SCIENCE TEZPUR,Assam,Sonitpur,www.gips-tezpur.ac.in,2020,Rural,Affiliated College,Private Un-Aided,ASSAM SCIENCE AND TECHNOLOGY UNIVERSITY,State Public University
C-17243,South Salmara College,Assam,South Salmara Mancachar,www.ssalmaracollege.com,1986,Rural,Affiliated College,State Government,"Gauhati University, Guwahati",State Public University
C-17277,National Institute for Teacher Education,Assam,Kamrup,www.nifte.org.in,1998,Urban,Affiliated College,Private Un-Aided,"Gauhati University, Guwahati",State Public University
C-64272,REGIONAL COLLEGE OF PHARMACEUTICAL SCIENCES,Assam,Kamrup Metro,www.riptgroup.in,2020,Rural,Affiliated College,Private Un-Aided,"SRIMANTA SANKARADEVA UNIVERSITY OF HEALTH SCIENCES, GUWAHATI",State Public University
C-26414,Haflong Govt College,Assam,Dima Hasao,www.haflonggovtcollege.ac.in,1961,Urban,Affiliated College,State Government,"Assam University, Silchar",Central University
C-48744,"Regional College of Paramedical Health Sciences, Guwahati",Assam,Kamrup Metro,www.riptgroup.in,2012,Rural,Affiliated College,Private Un-Aided,"SRIMANTA SANKARADEVA UNIVERSITY OF HEALTH SCIENCES, GUWAHATI",State Public University
C-64278,INSTITUTE OF PARAMEDICAL AND MANAGEMENT TECHNOLOGY,Assam,Kamrup Metro,www.nepeds.in,-,Urban,Affiliated College,Private Aided (Government Aided),"SRIMANTA SANKARADEVA UNIVERSITY OF HEALTH SCIENCES, GUWAHATI",State Public University
C-8497,J.B. College P.O. Jorhat-785001,Assam,Jorhat,www.jbcollege.org,1930,Urban,Affiliated College,State Government,"Dibrugarh University, Dibrugarh",State Public University
C-71180,"GOVERNMENT NURSING COLLEGE, JORHAT",Assam,Jorhat,-,-,Rural,Affiliated College,State Government,"SRIMANTA SANKARADEVA UNIVERSITY OF HEALTH SCIENCES, GUWAHATI",State Public University
C-17224,Bamundi Mahavidyalaya,Assam,Kamrup,http://bamundimahavidyalaya.ac.in/,1997,Rural,Affiliated College,State Government,"Gauhati University, Guwahati",State Public University
C-17324,Mangaldai College,Assam,Darrang,www.mangaldaicollege.org,1951,Rural,Affiliated College,State Government,"Gauhati University, Guwahati",State Public University
C-17100,L.C. Bharali College,Assam,Kamrup Metro,www.lcbcollege.co.in,1971,Urban,Affiliated College,State Government,"Gauhati University, Guwahati",State Public University
C-26399,Janata College,Assam,Cachar,www.janatacollege.in,1964,Rural,Affiliated College,State Government,"Assam University, Silchar",Central University
C-72558,GOBINDA BASUMATARY COLLEGE JARAGURI,Assam,Kokrajhar,www.gbcj.edu.in,2016,Rural,Affiliated College,Private Aided (Government Aided),BODOLAND UNIVERSITY,State Public University
C-17276,Nalbari Comm. College,Assam,Nalbari,www.nccnalbari.in,1979,Urban,Affiliated College,State Government,"Gauhati University, Guwahati",State Public University
C-63918,DIPHU MEDICAL COLLEGE AND HOSPITAL,Assam,Karbi Anglong,dmcassam.in,-,Urban,Affiliated College,State Government,"SRIMANTA SANKARADEVA UNIVERSITY OF HEALTH SCIENCES, GUWAHATI",State Public University
C-17244,Kokrajhar Law College,Assam,Kokrajhar,www.klc.ac.in,1985,Urban,Affiliated College,Private Un-Aided,"Gauhati University, Guwahati",State Public University
C-8413,Majuli College P.O. Majuli,Assam,Majuli,www.majulicollege.in,1962,Rural,Affiliated College,State Government,"Dibrugarh University, Dibrugarh",State Public University
C-8463,Golaghat Purbanchalik College. Hatiyekhowa Golaghat,Assam,Golaghat,www.purbanchalikcollege.edu.in,1987,Rural,Affiliated College,State Government,"Dibrugarh University, Dibrugarh",State Public University
C-65999,SCHOOL OF PHARMACEUTICAL SCIENCE AND TECHNOLOGY,Assam,Nagaon,www.mwes.in,2021,Rural,Affiliated College,Private Un-Aided,"SRIMANTA SANKARADEVA UNIVERSITY OF HEALTH SCIENCES, GUWAHATI",State Public University
C-63924,GOLAGHAT ENGINEERING COLLEGE,Assam,Golaghat,https://gecassam.ac.in/about-us;token=about-us,2018,Rural,Affiliated College,State Government,ASSAM SCIENCE AND TECHNOLOGY UNIVERSITY,State Public University
C-66308,DONA INTERNATIONAL INSTITUTE OF ASSAM,Assam,Kamrup Metro,www.guwachcollege.com,2021,Urban,Affiliated College,Private Un-Aided,ASSAM SCIENCE AND TECHNOLOGY UNIVERSITY,State Public University
C-17339,Kayakuchi College,Assam,Barpeta,www.kayakuchicollege.com,1988,Rural,Affiliated College,Local Body,"Gauhati University, Guwahati",State Public University
C-62013,PANDIT DEENDAYAL UPADHYAYA ADARSHA MAHAVIDYALAYA DALGAON ,Assam,Darrang,pdduamdalgaon.in,2017,Rural,Affiliated College,State Government,"Gauhati University, Guwahati",State Public University
C-8445,G.S.Lohia College,Assam,Tinsukia,gslohiagirlscollege.com,1996,Urban,Affiliated College,Private Un-Aided,"Dibrugarh University, Dibrugarh",State Public University
C-26395,Katigorah A Degree College,Assam,Cachar,Kadcollege.in,1998,Rural,Affiliated College,Local Body,"Assam University, Silchar",Central University
C-63963,NEF COLLEGE OF PHARMACEUTICAL EDUCATION AND RESEARCH,Assam,Nagaon,https://www.nefcper.org/,2020,Rural,Affiliated College,Private Un-Aided,"SRIMANTA SANKARADEVA UNIVERSITY OF HEALTH SCIENCES, GUWAHATI",State Public University
C-63964,NEF COLLEGE OF HEALTH SCIENCES,Assam,Kamrup Metro,nefcohs.org,2020,Urban,Affiliated College,Private Un-Aided,"SRIMANTA SANKARADEVA UNIVERSITY OF HEALTH SCIENCES, GUWAHATI",State Public University
C-17161,Vidya Bharati College,Assam,Kamrup,www.vidyabharaticollege.org.in,1990,Rural,Affiliated College,State Government,"Gauhati University, Guwahati",State Public University
C-63965,ALLAMA TR COLLEGE OF PHARMACY,Assam,Karimganj,www.atrcp.org,2020,Rural,Affiliated College,Private Un-Aided,"SRIMANTA SANKARADEVA UNIVERSITY OF HEALTH SCIENCES, GUWAHATI",State Public University
C-17095,Arya Nursing College,Assam,Kamrup,www.aryanursingcollege.com,2007,Rural,Affiliated College,Private Un-Aided,"SRIMANTA SANKARADEVA UNIVERSITY OF HEALTH SCIENCES, GUWAHATI",State Public University
C-26394,Dr. S.B. Institution of Education,Assam,Hailakandi,www.sbiehailakandi.co.in,1996,Rural,Affiliated College,Private Un-Aided,"Assam University, Silchar",Central University
C-17115,Uttar Barpeta College,Assam,Barpeta,uttarbarpetacollege.ac.in,1991,Rural,Affiliated College,State Government,"Gauhati University, Guwahati",State Public University
C-17114,Beltola College,Assam,Kamrup Metro,https://beltolacollege.org/,1983,Urban,Affiliated College,State Government,"Gauhati University, Guwahati",State Public University
C-17113,Anandaram Dhekial Phookan College,Assam,Nagaon,wwww.adpcollege.ac.in,1959,Urban,Affiliated College,State Government,"Gauhati University, Guwahati",State Public University
C-17159,Morigaon College,Assam,Marigaon,www.morigaoncollege.edu.in,1964,Urban,Affiliated College,State Government,"Gauhati University, Guwahati",State Public University
C-17158,Patidarrang College,Assam,Kamrup,www.patidarrangcollege.com,1989,Rural,Affiliated College,Local Body,"Gauhati University, Guwahati",State Public University
C-17111,Chaiduar College,Assam,Biswanath,www.chaiduarcollege.ac.in,1967,Urban,Affiliated College,State Government,"Gauhati University, Guwahati",State Public University
C-17109,Karmashree Hiteswar Saikia College,Assam,Kamrup Metro,www.khscollege.com,1988,Urban,Affiliated College,State Government,"Gauhati University, Guwahati",State Public University
C-17108,Rupahi College,Assam,Nagaon,rupahicollege.ac.in,1981,Rural,Affiliated College,Local Body,"Gauhati University, Guwahati",State Public University
C-17104,Govt. College of Teacher's Edu.,Assam,Sonitpur,www.ctetezpur.in,1977,Rural,Affiliated College,State Government,"Gauhati University, Guwahati",State Public University
C-17103,Dakshin Guwahati B.Ed. College,Assam,Kamrup,www.dgbed.in / www.dgbed.org,1993,Urban,Affiliated College,University,"Gauhati University, Guwahati",State Public University
C-17341,"Baosi Banikanta Kakati College, Nagoan",Assam,Barpeta,www.bbkcollege.co.in,1971,Rural,Affiliated College,State Government,"Gauhati University, Guwahati",State Public University
C-17102,Asom Sikshak Prasikshan Mahavidyalaya,Assam,Kamrup,www.aspmghy.com,1992,Urban,Affiliated College,Private Un-Aided,"Gauhati University, Guwahati",State Public University
C-17088,B.H.B. College,Assam,Barpeta,www.bhbcollege.ac.in,1971,Rural,Affiliated College,State Government,"Gauhati University, Guwahati",State Public University
C-26393,Rabindrasadan Girls' college,Assam,Karimganj,www.rabindrasadangirlscollege.in,1962,Urban,Affiliated College,State Government,"Assam University, Silchar",Central University
C-49906,BINESWAR BRAHMA ENGINEERING COLLEGE,Assam,Kokrajhar,www.bbec.ac.in,2008,Rural,Affiliated College,State Government,ASSAM SCIENCE AND TECHNOLOGY UNIVERSITY,State Public University
C-49337, KANPAI BORDOLOI COLLEGE,Assam,Marigaon,https://kbcollege.in/,2002,Rural,Affiliated College,Local Body,"Gauhati University, Guwahati",State Public University
C-17338,Khagarijan College,Assam,Nagaon,www.khagarijancollege.co.in,1972,Urban,Affiliated College,State Government,"Gauhati University, Guwahati",State Public University
C-8495,Subansiri College P.O. Pathalipam,Assam,Lakhimpur,www.subansiricollege.org,1997,Rural,Affiliated College,Local Body,"Dibrugarh University, Dibrugarh",State Public University
C-8493,Namrup College of Teacher Education. Namrup-78662,Assam,Dibrugarh,www.ctenamrup.com,1998,Rural,Affiliated College,Local Body,"Dibrugarh University, Dibrugarh",State Public University
C-8490,North Lakhimpur College (Autonomous),Assam,Lakhimpur,www.nlc.ac.in,1952,Urban,Affiliated College,State Government,"Dibrugarh University, Dibrugarh",State Public University
C-8488,Murkong Selek College P.O. Jonai-- 787060,Assam,Dhemaji,www.murkongselekcollege.org.in,1984,Rural,Affiliated College,State Government,"Dibrugarh University, Dibrugarh",State Public University
C-8487,Miry Jiory College P.O. Ghunasuti Dist. Lakhimpur Pin. 781001,Assam,Lakhimpur,mirijiorycollege.in,2000,Rural,Affiliated College,Local Body,"Dibrugarh University, Dibrugarh",State Public University
C-8485,Digboi College P.O. Digboi-786171,Assam,Tinsukia,www.digboicollege.edu.in,1965,Rural,Affiliated College,State Government,"Dibrugarh University, Dibrugarh",State Public University
C-8484,"Rengam Subansiri College P.O. Patrichuk,Lakhimpur",Assam,Lakhimpur,rengamsubansiricollege.org.in,1994,Rural,Affiliated College,State Government,"Dibrugarh University, Dibrugarh",State Public University
C-63044,Don Bosco College,Assam,Chirang,http://donboscocollege.org.in,2019,Urban,Affiliated College,Private Aided (Government Aided),BODOLAND UNIVERSITY,State Public University
C-8483,Melamora College P.O. Melamora-785625,Assam,Golaghat,www.melamoracollege.com,1987,Rural,Affiliated College,State Government,"Dibrugarh University, Dibrugarh",State Public University
C-8482,Gargaon College P.O. Gargaon- 785686,Assam,Sivasagar,www.gargaoncollege.ac.in,1959,Rural,Affiliated College,Local Body,"Dibrugarh University, Dibrugarh",State Public University
C-8377,Sibsagar College P.O. Sibsagar-785665,Assam,Sivasagar,https://sibsagaruniversity.ac.in/,1947,Rural,Affiliated College,Local Body,"Dibrugarh University, Dibrugarh",State Public University
C-8481,Sissiborgaon College P.O. Sissiborgaon,Assam,Dhemaji,www.sissiborgaoncollege.ac.in,1992,Rural,Affiliated College,Local Body,"Dibrugarh University, Dibrugarh",State Public University
C-8480,Telahi Tuaram Nath College P.O.Lakhimpur,Assam,Lakhimpur,www.telahituwaramnathcollege.edu.in,1996,Rural,Affiliated College,State Government,"Dibrugarh University, Dibrugarh",State Public University
C-8479,Lakhimpur Girls' College ,Assam,Lakhimpur,www.lgcollege.ac.in,1972,Urban,Affiliated College,State Government,"Dibrugarh University, Dibrugarh",State Public University
C-64458,KHERKATA COLLEGE,Assam,Lakhimpur,www.kherkatacollege.in,1997,Rural,Affiliated College,University,"Dibrugarh University, Dibrugarh",State Public University
C-8478,Cinnamara College P.O. Cinnamara-785008,Assam,Jorhat,www.cinnamaracollege.org,1991,Urban,Affiliated College,State Government,"Dibrugarh University, Dibrugarh",State Public University
C-8474,North East Institute of Management Science. P.O. Jorhat,Assam,Jorhat,www.neimscollege.com,2002,Rural,Affiliated College,Private Un-Aided,"Dibrugarh University, Dibrugarh",State Public University
C-8510,Dergaon Kamal Dowerah College ,Assam,Golaghat,www.dkdcollege.ac.in,1962,Urban,Affiliated College,State Government,"Dibrugarh University, Dibrugarh",State Public University
C-64459,BORDOIBAM NCD DEGREE COLLEGE,Assam,Dhemaji,www.ncdcollege.in,2005,Rural,Affiliated College,Local Body,"Dibrugarh University, Dibrugarh",State Public University
C-8509,Sarbodhya College P.O. Sarbodhya,Assam,Jorhat,www.sarbodayacollege.in,1985,Rural,Affiliated College,State Government,"Dibrugarh University, Dibrugarh",State Public University
C-71299,RAMANUJ GUPTA DEGREE COLLEGE ,Assam,Cachar,www.rgdc.ac.in,-,Urban,Affiliated College,Private Un-Aided,"Assam University, Silchar",Central University
C-17146,B.N. College Autonomous,Assam,Dhubri,www.bncollege.co.in,1946,Urban,Affiliated College,State Government,"Gauhati University, Guwahati",State Public University
C-17089,Bhawanipur Anchalik College,Assam,Barpeta,www.bacollege.ac.in,1982,Rural,Affiliated College,State Government,"Gauhati University, Guwahati",State Public University
C-8508,"Duliajan College, Duliajan P.O.Duliajan- 786602",Assam,Dibrugarh,www.duliajancollege.in,1969,Rural,Affiliated College,State Government,"Dibrugarh University, Dibrugarh",State Public University
C-17223,Nonoi College,Assam,Nagaon,www.nonoicollege.in,1985,Rural,Affiliated College,State Government,"Gauhati University, Guwahati",State Public University
C-71173,NATIONAL COLLEGE OF EDUCATION,Assam,Darrang,nesdtrust.org,-,Urban,Affiliated College,Private Un-Aided,"SRIMANTA SANKARADEVA UNIVERSITY OF HEALTH SCIENCES, GUWAHATI",State Public University
C-17313,Alhaz Sunai Bibi Choudhury College,Assam,Hojai,www.asbcc.ac.in,1997,Rural,Affiliated College,State Government,"Gauhati University, Guwahati",State Public University
C-17371,Srimanta Sankar Madhab Mahavidyalaya,Assam,Barpeta,www.ssmcollege.ac.in,1991,Urban,Affiliated College,Central Government,"Gauhati University, Guwahati",State Public University
C-71300,LAHOWAL COLLEGE,Assam,Dibrugarh,www.lahoalcollege.com,-,Rural,Affiliated College,Private Un-Aided,"Dibrugarh University, Dibrugarh",State Public University
C-8439,Brahmaputra Degree College. P.O.Bokulguri,Assam,Lakhimpur,brahmaputradegreecollege.edu.in,1993,Rural,Affiliated College,State Government,"Dibrugarh University, Dibrugarh",State Public University
C-61816,C T College,Assam,Tinsukia,https://ctctsk.in/,-,Urban,Affiliated College,Private Un-Aided,"Dibrugarh University, Dibrugarh",State Public University
C-8472,Dhakuakhana College P.O. Dhakuakhana-787055,Assam,Lakhimpur,www.dhakuakhanacollege.ac.in,1966,Urban,Affiliated College,State Government,"Dibrugarh University, Dibrugarh",State Public University
C-8471,D.C.B. Girls College P.O. Jorhat-785001,Assam,Jorhat,www.dcbgirlscollegejorhat.org,1955,Urban,Affiliated College,State Government,"Dibrugarh University, Dibrugarh",State Public University
C-17120,"Gossaigaon College, Gossaigaon",Assam,Kokrajhar,www.gossaigaoncollege.org,1971,Rural,Affiliated College,State Government,BODOLAND UNIVERSITY,State Public University
C-52923,PRANAB JUBILEE COLLEGE,Assam,Karbi Anglong,pjcbokajan.info,2012,Urban,Affiliated College,Private Un-Aided,"Assam University, Silchar",Central University
C-17318,Assam Engineering College,Assam,Kamrup Metro,www.aec.ac.in,1955,Urban,Affiliated College,State Government,"Gauhati University, Guwahati",State Public University
C-17319,Darrang College,Assam,Sonitpur,https://darrangcollege.ac.in/,1945,Urban,Affiliated College,State Government,"Gauhati University, Guwahati",State Public University
C-17329,Rangia T.T. College,Assam,Kamrup,http://www.rangiattcollege.in,1987,Rural,Affiliated College,Private Un-Aided,"Gauhati University, Guwahati",State Public University
C-71301,HILLS DEGREE COLLEGE,Assam,Dima Hasao,www.hillsdegreecollege.com,-,Urban,Affiliated College,Private Aided (Government Aided),"Assam University, Silchar",Central University
C-48742,"CPMS COLLEGE OF NURSING, GUWAHATI",Assam,Kamrup Metro,www.cpmsc.com,2006,Rural,Affiliated College,Private Un-Aided,"SRIMANTA SANKARADEVA UNIVERSITY OF HEALTH SCIENCES, GUWAHATI",State Public University
C-61265,"Pandit Deendayal Upadhyaya Adarsha Mahavidyalya, Amjonga",Assam,Goalpara,www.pduamamjonga.ac.in,2017,Rural,Affiliated College,State Government,"Gauhati University, Guwahati",State Public University
C-61266,"U N Academy, Kokrajhar",Assam,Kokrajhar,unak.org,2014,Rural,Affiliated College,Private Un-Aided,BODOLAND UNIVERSITY,State Public University
C-61268,"Paneri College, Paneri",Assam,Udalguri,www.panericollege.edu.in,2005,Rural,Affiliated College,Private Un-Aided,BODOLAND UNIVERSITY,State Public University
C-61269,DIMAKUCHI COLLEGE,Assam,Udalguri,www.dimakuchicollege.edu.in,2002,Rural,Affiliated College,Local Body,BODOLAND UNIVERSITY,State Public University
C-61270,Aronai College,Assam,Kokrajhar,www.aronaicollege.ac.in,2013,Rural,Affiliated College,Private Aided (Government Aided),BODOLAND UNIVERSITY,State Public University
C-61271,Dakshin Bijni Degree College,Assam,Baksa,dbdegreecollege.ac.in,2016,Rural,Affiliated College,Local Body,BODOLAND UNIVERSITY,State Public University
C-61272,Mahamaya Degree College,Assam,Kokrajhar,mahamayadegreecollege.co.in,2004,Rural,Affiliated College,Local Body,BODOLAND UNIVERSITY,State Public University
C-61273,Kokrajhar Music  and  Fine Arts College,Assam,Kokrajhar,kokrajharmusicandfinearts.in,1996,Rural,Affiliated College,State Government,BODOLAND UNIVERSITY,State Public University
C-61274,Tulshibil Degree College,Assam,Kokrajhar,www.tulshibildegreecollege.edu.in,2015,Rural,Affiliated College,Local Body,BODOLAND UNIVERSITY,State Public University
C-48732,"JORHAT MEDICAL COLLEGE, JORHAT",Assam,Jorhat,www.jorhatmedicalcollege.in,2009,Urban,Affiliated College,State Government,"SRIMANTA SANKARADEVA UNIVERSITY OF HEALTH SCIENCES, GUWAHATI",State Public University
C-17222,Barnagar College,Assam,Barpeta,www.barnagarcollege.ac.in,1962,Rural,Affiliated College,State Government,"Gauhati University, Guwahati",State Public University
C-61275,Assam Brilliant Academy,Assam,Baksa,ABABARPETAROAD.AC.IN,2011,Rural,Affiliated College,Private Aided (Government Aided),BODOLAND UNIVERSITY,State Public University
C-61276,Dronacharya Academy,Assam,Baksa,www.dronacharyaacademy.co.in,2006,Rural,Affiliated College,Private Aided (Government Aided),BODOLAND UNIVERSITY,State Public University
C-48747,"INSTITUTE OF MEDICAL & ALLIED HEALTH SCIENCES, GUWAHATI",Assam,Kamrup Metro,www.gnrchospitals.com,-,Urban,Affiliated College,Private Un-Aided,"SRIMANTA SANKARADEVA UNIVERSITY OF HEALTH SCIENCES, GUWAHATI",State Public University
C-8424,Borhat Bhabani Prasad Baruah Memorial College P.O.Borhat,Assam,Charaideo,www.borhatcollege.org,1995,Rural,Affiliated College,State Government,"Dibrugarh University, Dibrugarh",State Public University
C-17332,Halakura College,Assam,Dhubri,www.halakuracollege.ac.in,1991,Rural,Affiliated College,State Government,"Gauhati University, Guwahati",State Public University
C-48743,"SWAGAT ACADEMY OF MEDICAL SCIENCES, GUWAHATI",Assam,Kamrup Metro,-,-,-,Affiliated College,-,"SRIMANTA SANKARADEVA UNIVERSITY OF HEALTH SCIENCES, GUWAHATI",State Public University
C-48740,"SRI SANKARADEVA NETHRALAYA, GUWAHATI",Assam,Kamrup Metro,ssnguwahati.org,1994,Urban,Affiliated College,Private Un-Aided,"SRIMANTA SANKARADEVA UNIVERSITY OF HEALTH SCIENCES, GUWAHATI",State Public University
C-17228,Damdama College,Assam,Kamrup,www.damfamacollege.edu.in,1978,Rural,Affiliated College,State Government,"Gauhati University, Guwahati",State Public University
C-26430,Swami Vivekananda College,Assam,Karimganj,https://svcollegecdk.ac.in,1991,Rural,Affiliated College,State Government,"Assam University, Silchar",Central University
C-60475,Koklabari Chapaguri College,Assam,Baksa,kcchazuwa.ac.in,2013,Rural,Affiliated College,State Government,BODOLAND UNIVERSITY,State Public University
C-48738,"INSTITUTE OF PHARMACY, GAUHATI MEDICAL COLLEGE, GUWAHATI",Assam,Kamrup Metro,www.instituteofguwahati.org,1986,Urban,Affiliated College,State Government,"SRIMANTA SANKARADEVA UNIVERSITY OF HEALTH SCIENCES, GUWAHATI",State Public University
C-8477,"Purbanchal College, Silapathar",Assam,Dhemaji,www.purbanchalcollege.org,1996,Urban,Affiliated College,State Government,"Dibrugarh University, Dibrugarh",State Public University
C-17220,P.B. College,Assam,Dhubri,www.pbcollege.co.in,1964,Urban,Affiliated College,State Government,"Gauhati University, Guwahati",State Public University
C-17090,K.C. Das Commerce College,Assam,Kamrup Metro,kcdccollege.ac.in,1983,Urban,Affiliated College,State Government,"Gauhati University, Guwahati",State Public University
C-17170,Nowgong Law College,Assam,Nagaon,www.nowgonglawcollege.co.in,1970,Urban,Affiliated College,Private Un-Aided,"Gauhati University, Guwahati",State Public University
C-17169,Barbhag College,Assam,Nalbari,barbhagcollege.co.in,1964,Rural,Affiliated College,State Government,"Gauhati University, Guwahati",State Public University
C-17175,Harendra Chitra College,Assam,Barpeta,www.hccollege.ac.in,1992,Rural,Affiliated College,State Government,"Gauhati University, Guwahati",State Public University
C-63046,Army Institute of Nursing Guwahati ,Assam,Kamrup Metro,-,-,Urban,Affiliated College,Private Un-Aided,"SRIMANTA SANKARADEVA UNIVERSITY OF HEALTH SCIENCES, GUWAHATI",State Public University
C-17168,Bikali College,Assam,Goalpara,www.bikalicollege.org,1982,Rural,Affiliated College,State Government,"Gauhati University, Guwahati",State Public University
C-17167,Deomornoi Degree College,Assam,Darrang,http://deomornoidegreecollege.com,1993,Rural,Affiliated College,Local Body,"Gauhati University, Guwahati",State Public University
C-17166,North Kamrup College,Assam,Barpeta,www.northkamrupcollege.org,1979,Rural,Affiliated College,State Government,"Gauhati University, Guwahati",State Public University
C-72335,NILACHAL COLLEGE OF ALLIED HEALTH SCIENCES,Assam,Kamrup Metro,www.nilachalcollegeoahs.in,2023,Urban,Affiliated College,Private Un-Aided,"SRIMANTA SANKARADEVA UNIVERSITY OF HEALTH SCIENCES, GUWAHATI",State Public University
C-8450,Asom Sattriya Sangit Mahavidyalaya. Jorhat,Assam,Jorhat,www.assm.co.in,1998,Rural,Affiliated College,State Government,"Dibrugarh University, Dibrugarh",State Public University
C-17156,"Juria College,PO, Fakuli Pather, Nagaon, Assam",Assam,Nagaon,www.juriacollege.edu.in,1989,Rural,Affiliated College,State Government,"Gauhati University, Guwahati",State Public University
C-8395,Silapathar Collge. P.O. Silapathar-787058,Assam,Dhemaji,www.silapatharcollege.edu.in,1979,Urban,Affiliated College,State Government,"Dibrugarh University, Dibrugarh",State Public University
C-17155,Alamganj Rangamati College,Assam,Dhubri,www.arcollege.net.in,1991,Rural,Affiliated College,State Government,"Gauhati University, Guwahati",State Public University
C-60504,BASKA DEGREE COLLEGE,Assam,Baksa,www.bdcb.ac.in,1987,Rural,Affiliated College,Local Body,BODOLAND UNIVERSITY,State Public University
C-17219,"College of Education, Morigaon",Assam,Marigaon,www.collegeofeducationmorigaon.org,1994,Urban,Affiliated College,Private Un-Aided,"Gauhati University, Guwahati",State Public University
C-17154,Sipajhar B.Ed.,Assam,Darrang,sipajharbedcollege.org.in,1994,Rural,Affiliated College,Private Aided (Government Aided),"Gauhati University, Guwahati",State Public University
C-8415,D.H.S.K. Commerce College P.O Dibrugarh-786001,Assam,Dibrugarh,www.dhskcommercecollege.edu.in,1960,Urban,Affiliated College,State Government,"Dibrugarh University, Dibrugarh",State Public University
C-48735,"RIDLEY COLLEGE OF OPTOMETRY, JORHAT",Assam,Jorhat,http://ridleycollegeofoptometry.in/,-,Urban,Affiliated College,Private Un-Aided,"SRIMANTA SANKARADEVA UNIVERSITY OF HEALTH SCIENCES, GUWAHATI",State Public University
C-17152,Saraighat College,Assam,Kamrup,http://saraighatcollege.ac.in,1981,Rural,Affiliated College,State Government,"Gauhati University, Guwahati",State Public University
C-17151,Pandu College,Assam,Kamrup Metro,www.panducollege.ac.in,1962,Urban,Affiliated College,State Government,"Gauhati University, Guwahati",State Public University
C-17355,Bongaigaon College,Assam,Bongaigaon,www.bongaigaoncollege.ac.in,1964,Urban,Affiliated College,State Government,"Gauhati University, Guwahati",State Public University
C-48730,"B SC NURSING COLLEGE, DIBRUGARH",Assam,Dibrugarh,https://bscncd.in,2010,Rural,Affiliated College,State Government,"SRIMANTA SANKARADEVA UNIVERSITY OF HEALTH SCIENCES, GUWAHATI",State Public University
C-48727,"B SC NURSING COLLEGE, SILCHAR",Assam,Cachar,bscncs.in,2010,Rural,Affiliated College,State Government,"SRIMANTA SANKARADEVA UNIVERSITY OF HEALTH SCIENCES, GUWAHATI",State Public University
C-61307,Haji Ajmal Ali College,Assam,Hojai,haac.ajmalgroupofcolleges.org,1995,Rural,Affiliated College,Local Body,"Gauhati University, Guwahati",State Public University
C-17148,West Goalpara College,Assam,Goalpara,www.westgoalparacollege.ac.in,1981,Rural,Affiliated College,State Government,"Gauhati University, Guwahati",State Public University
C-17147,Moirabari College,Assam,Marigaon,www.moirabaricollege.ac.in,1981,Rural,Affiliated College,State Government,"Gauhati University, Guwahati",State Public University
C-17217,Dakshin Kamrup Girls' College,Assam,Kamrup,www.dkgirlscollege.in,1988,Rural,Affiliated College,State Government,"Gauhati University, Guwahati",State Public University
C-8428,Geleky Colege P.O. Galeky,Assam,Sivasagar,https://gelakeycollege.com,1974,Rural,Affiliated College,Local Body,"Dibrugarh University, Dibrugarh",State Public University
C-48726,"INSTITUTE OF PHARMACY, SILCHAR",Assam,Cachar,https://smcassam.org,-,Rural,Affiliated College,State Government,"SRIMANTA SANKARADEVA UNIVERSITY OF HEALTH SCIENCES, GUWAHATI",State Public University
C-48725,"INSTITUTE OF PARAMEDICAL SCIENCES, SILCHAR",Assam,Cachar,smcassam.org,2008,Rural,Affiliated College,State Government,"SRIMANTA SANKARADEVA UNIVERSITY OF HEALTH SCIENCES, GUWAHATI",State Public University
C-17298,Gauhati Medical College,Assam,Kamrup Metro,gmchassam.gov.in,1960,Urban,Affiliated College,State Government,"SRIMANTA SANKARADEVA UNIVERSITY OF HEALTH SCIENCES, GUWAHATI",State Public University
C-17258,Army Institute of Nursing,Assam,Kamrup,www.ainguwahati.org,2006,Urban,Affiliated College,Private Un-Aided,"SRIMANTA SANKARADEVA UNIVERSITY OF HEALTH SCIENCES, GUWAHATI",State Public University
C-17145,Madhab Choudhury College,Assam,Barpeta,www.mccollege.edu.in,1939,Urban,Affiliated College,State Government,"Gauhati University, Guwahati",State Public University
C-8408,Assam Medical College P.O. Dibrugarh- 786003,Assam,Dibrugarh,www.amch.edu.in,1947,Urban,Affiliated College,State Government,"SRIMANTA SANKARADEVA UNIVERSITY OF HEALTH SCIENCES, GUWAHATI",State Public University
C-26432,Silchar Medical College,Assam,Cachar,www.smcassam.org,1968,Rural,Affiliated College,State Government,"SRIMANTA SANKARADEVA UNIVERSITY OF HEALTH SCIENCES, GUWAHATI",State Public University
C-71189,GLOBAL INSTITUTE,Assam,Barpeta,www.globalinstituteofpharmacy.com,-,Rural,Affiliated College,Private Un-Aided,"SRIMANTA SANKARADEVA UNIVERSITY OF HEALTH SCIENCES, GUWAHATI",State Public University
C-17091,Mangaldai Law College,Assam,Darrang,https://mangaldailawcollege.in/,1984,Rural,Affiliated College,Private Un-Aided,"Gauhati University, Guwahati",State Public University
C-17144,L.G.B. Girl's College,Assam,Sonitpur,www.lgbgirlscollege.in,1979,Rural,Affiliated College,State Government,"Gauhati University, Guwahati",State Public University
C-71177,PEWS COLLEGE OF PARAMEDICAL SCIENCES,Assam,Kamrup Metro,www.cpmsc.com,-,Urban,Affiliated College,Private Un-Aided,"SRIMANTA SANKARADEVA UNIVERSITY OF HEALTH SCIENCES, GUWAHATI",State Public University
C-17143,Bongaigaon Law College,Assam,Bongaigaon,www.bongaigaonlawcollege.in,1993,Urban,Affiliated College,Private Un-Aided,"Gauhati University, Guwahati",State Public University
C-65111,M K GANDHI COLLEGE,Assam,Karimganj,www.mkgandhi.in,2016,Rural,Affiliated College,Private Un-Aided,"Assam University, Silchar",Central University
C-17142,Indira Gandhi College,Assam,Bongaigaon,igcollegeboitamari.ac.in,1995,Rural,Affiliated College,State Government,"Gauhati University, Guwahati",State Public University
C-17141,Lumding College,Assam,Hojai,www.lumdingcollege.org,1959,Urban,Affiliated College,State Government,"Gauhati University, Guwahati",State Public University
C-17306,Nowgong College,Assam,Nagaon,www.nowgongcollege.edu.in,1944,Urban,Affiliated College,State Government,"Gauhati University, Guwahati",State Public University
C-17140,Shikshan Mahavidyalaya,Assam,Nagaon,www.shikshanmahavidyalaya.info,1968,Urban,Affiliated College,State Government,"Gauhati University, Guwahati",State Public University
C-60503,ST. ANN S COLLEGE,Assam,Kokrajhar,www.stannscollegekoj.org,2010,Rural,Affiliated College,Private Un-Aided,BODOLAND UNIVERSITY,State Public University
C-17139,F.A. Ahmed College,Assam,Kamrup,faacollege.org,1984,Rural,Affiliated College,State Government,"Gauhati University, Guwahati",State Public University
C-59723,"ANUNDORAM BOROOAH ACADEMY DEGREE COLLEGE, PATHSALA",Assam,Barpeta,www.arba.ac.in,2004,Urban,Affiliated College,Private Un-Aided,BODOLAND UNIVERSITY,State Public University
C-17305,Barpeta B.T. College,Assam,Barpeta,www.barpetabtcollege.org,1985,Urban,Affiliated College,Private Un-Aided,"Gauhati University, Guwahati",State Public University
C-8412,N.N.Saikia College P.O. Titabor-785630,Assam,Jorhat,www.nnsaikiacollege.org,1959,Urban,Affiliated College,State Government,"Dibrugarh University, Dibrugarh",State Public University
C-8394,Silapathar Science College P.O. Silapathar,Assam,Dhemaji,www.silapatharsciencecollege.ac.in,1996,Rural,Affiliated College,Local Body,"Dibrugarh University, Dibrugarh",State Public University
C-17283,Dr. B. Borooah Cancer Institute,Assam,Kamrup Metro,www.bbcionline.org,1973,Urban,Affiliated College,Central Government,"SRIMANTA SANKARADEVA UNIVERSITY OF HEALTH SCIENCES, GUWAHATI",State Public University
C-47466,"INDIAN STATISTICAL INSTITUTE, TEZPUR",Assam,Sonitpur,-,-,-,PG Center / Off-Campus Center,-,"Indian Statistical Institute, Kolkata",Institute of National Importance
C-55858,BRAHMAPUTRA COLLEGE,Assam,Kamrup Metro,www.brahmaputracollege.com,2014,Rural,Affiliated College,Private Un-Aided,ASSAM SCIENCE AND TECHNOLOGY UNIVERSITY,State Public University
C-72737,NERIM COMMERCE COLLEGE    ,Assam,Kamrup Metro,www.nerimindia.in,2014,Urban,Affiliated College,Private Un-Aided,"Gauhati University, Guwahati",State Public University
C-17138,N.E.F. Law College,Assam,Kamrup Metro,nefcollege.org,2006,Urban,Affiliated College,Private Un-Aided,"Gauhati University, Guwahati",State Public University
C-17367,Abhayapuri College,Assam,Bongaigaon,https://abhayapuricollege.ac.in,1955,Urban,Affiliated College,State Government,"Gauhati University, Guwahati",State Public University
C-71682,"CHANDRAPUR COLLEGE,CHANDRAPUR,GUWAHATI",Assam,Kamrup Metro,www.chandrapurcollege.co.in,-,Urban,Affiliated College,Private Un-Aided,"Gauhati University, Guwahati",State Public University
C-71751,GURU SANKAR NANAK COLLEGE,Assam,Nagaon,WWW.GAUHATI.AC.IN,-,Rural,Affiliated College,Private Un-Aided,"Gauhati University, Guwahati",State Public University
C-71752,"LOKPRIYA GIRLS COLLEGE, KALGACHIA",Assam,Barpeta,-,-,Rural,Affiliated College,State Government,"Gauhati University, Guwahati",State Public University
C-63312,Government Dental College Dibrugarh,Assam,Dibrugarh,https://www.facebook.com/profile.php?id=100063273090960&sfnsn=wiwspwa&mibextid=RUbZ1f,-,Urban,Affiliated College,State Government,"SRIMANTA SANKARADEVA UNIVERSITY OF HEALTH SCIENCES, GUWAHATI",State Public University
C-17136,Murazar College,Assam,Hojai,www.murazarcollege.org,1989,Rural,Affiliated College,Central Government,"Gauhati University, Guwahati",State Public University
C-17135,Icon Commerce College,Assam,Kamrup,www.iconcommercecollege.in,2004,Urban,Affiliated College,Private Un-Aided,"Gauhati University, Guwahati",State Public University
C-71753,BORGAON NAHARBARI DEGREE COLLEGE,Assam,Sonitpur,-,-,Rural,Affiliated College,Private Un-Aided,"Gauhati University, Guwahati",State Public University
C-8356,Panigaon Om Prakash Dinodia College,Assam,Lakhimpur,www.opdcollege.org,1984,Rural,Affiliated College,State Government,"Dibrugarh University, Dibrugarh",State Public University
C-67425,PADMANATH GOHAIN BARUAH GOVERNMENT MODEL COLLEGE,Assam,Tinsukia,https://www.pngbgmckakopather.org/,2020,Rural,Affiliated College,State Government,"Dibrugarh University, Dibrugarh",State Public University
C-24845,College of Veterinary Science,Assam,Kamrup,http://www.vetbifguwahati.ernet.in,1948,Urban,Constituent / University College,University,"Assam Agricultural University, Jorhat",State Public University
C-55330,Lakhimpur College of Veterinary Science,Assam,Lakhimpur,www.aau.ac.in,1987,Rural,Constituent / University College,University,"Assam Agricultural University, Jorhat",State Public University
C-8372,Jorhat College P.O. Jorhat-785001,Assam,Jorhat,www.jorhatcollege.org,1962,Urban,Affiliated College,State Government,"Dibrugarh University, Dibrugarh",State Public University
C-8370,Khowang College P.O. Khowang-785676,Assam,Dibrugarh,www.khowangcollege.edu.in,1982,Rural,Affiliated College,State Government,"Dibrugarh University, Dibrugarh",State Public University
C-24843,Biswanath College of Agriculture,Assam,Sonitpur,www.aau.ac.in,1988,Rural,Constituent / University College,University,"Assam Agricultural University, Jorhat",State Public University
C-24842,College of Fisheries Science,Assam,Nagaon,http://www.aau.ac.in,1988,Rural,Constituent / University College,University,"Assam Agricultural University, Jorhat",State Public University
C-17134,Biswanath College,Assam,Biswanath,www.biswanathcollege.in,1960,Urban,Affiliated College,State Government,"Gauhati University, Guwahati",State Public University
C-17238,Raha College,Assam,Nagaon,www.rahacollege.co.in,1964,Rural,Affiliated College,State Government,"Gauhati University, Guwahati",State Public University
C-60502,TAMULPUR DEGREE COLLEGE,Assam,Baksa,tdctamulpur.ac.in,1995,Rural,Affiliated College,University,BODOLAND UNIVERSITY,State Public University
C-71312,BHASWATI DEB MEMORIAL CENTRE FOR HIGHER EDUCATION,Assam,Cachar,www.bdmche.org.in,-,Urban,Affiliated College,Private Un-Aided,"Assam University, Silchar",Central University
C-17275,Tezpur College,Assam,Sonitpur,tezpurcollege.com,1965,Urban,Affiliated College,State Government,"Gauhati University, Guwahati",State Public University
C-60500,BOROBAZAR COLLEGE,Assam,Chirang,www.borobazarcollege.ac.in,2005,Rural,Affiliated College,State Government,BODOLAND UNIVERSITY,State Public University
C-17132,B.P. Chaliha College,Assam,Kamrup,www.bpchalihacollege.org.in,1972,Rural,Affiliated College,State Government,"Gauhati University, Guwahati",State Public University
C-17131,Mangaldai Commerce College,Assam,Darrang,www.mangaldoicommercecollege.com,1982,Urban,Affiliated College,State Government,"Gauhati University, Guwahati",State Public University
C-71313,"LANGHIN COLLEGE,LANGHIN",Assam,Karbi Anglong,langhincollege.com,-,Rural,Affiliated College,Local Body,"Assam University, Silchar",Central University
C-71320,"DIPHU LAW COLLEGE, DIPHU",Assam,Karbi Anglong,www.aishe.gov.in,-,Urban,Affiliated College,Private Aided (Government Aided),"Assam University, Silchar",Central University
C-71356,BEZARA ANCHALIK COLLEGE,Assam,Kamrup,bezaraanchalikcollege.in,-,Rural,Affiliated College,Private Un-Aided,"Gauhati University, Guwahati",State Public University
C-17129,Mankachar College,Assam,South Salmara Mancachar,www.mankacharcollege.org,1971,Rural,Affiliated College,State Government,"Gauhati University, Guwahati",State Public University
C-17124,Paschim Barigog Anchalik Mahavidyalaya,Assam,Kamrup,www.pbam.in,1984,Rural,Affiliated College,State Government,"Gauhati University, Guwahati",State Public University
C-17250,Katahguri College,Assam,Nagaon,www.katahguricollege.org.in,1988,Rural,Affiliated College,State Government,"Gauhati University, Guwahati",State Public University
C-17121,West Guwahati College of Edu.,Assam,Kamrup,www.wgce.ac.in,1992,Urban,Affiliated College,Private Un-Aided,"Gauhati University, Guwahati",State Public University
C-17119,North Gauhati College,Assam,Kamrup,www.northgauhaticollege.in,1962,Urban,Affiliated College,State Government,"Gauhati University, Guwahati",State Public University
C-71410,MISSAMARI COLLEGE,Assam,Sonitpur,WWW.MISSAMARICOLLEGE.IN,-,Urban,Affiliated College,Private Un-Aided,"Gauhati University, Guwahati",State Public University
C-71462,ASSAM INSTITUTE OF MASS COMMUNICATION AND MEDIA RESEARCH,Assam,Kamrup Metro,www.aimcmr.in,-,Urban,Affiliated College,Private Un-Aided,"Dibrugarh University, Dibrugarh",State Public University
C-68042,PRATIKSHA INSTITUTE OF ALLIED HEALTH SCIENCES,Assam,Kamrup Metro,https://piahs.pratiksha-edu.in/,2021,Urban,Affiliated College,Private Un-Aided,"SRIMANTA SANKARADEVA UNIVERSITY OF HEALTH SCIENCES, GUWAHATI",State Public University
C-68062,SUKU RAM BHARALI COMMERCE AND MANAGEMENT COLLEGE,Assam,Kamrup Metro,www.bharalieducation.org,2016,Rural,Affiliated College,Private Un-Aided,"Gauhati University, Guwahati",State Public University
C-17236,Hatidhura College,Assam,Dhubri,www.hatidhuracollege.co.in,1990,Rural,Affiliated College,State Government,"Gauhati University, Guwahati",State Public University
C-17110,Sontali Anchalik College,Assam,Kamrup,https://sontalianchalikcollege.in,1987,Rural,Affiliated College,State Government,"Gauhati University, Guwahati",State Public University
C-17316,Mazbat College,Assam,Udalguri,www.mazbatcollege.in,1988,Rural,Affiliated College,State Government,"Gauhati University, Guwahati",State Public University
C-73550,"GOVT MODEL WOMEN COLLEGE, BILASIPARA    ",Assam,Dhubri,gmwcbilasipara.ac.in,2023,Rural,Affiliated College,State Government,"Gauhati University, Guwahati",State Public University
C-71187,"KOKRAJHAR MEDICAL COLLEGE AND HOSPITAL, KOKRAJHAR",Assam,Kokrajhar,kokrajharmch.ac.in,-,Rural,Affiliated College,State Government,"SRIMANTA SANKARADEVA UNIVERSITY OF HEALTH SCIENCES, GUWAHATI",State Public University
C-17274,Tezpur Law College,Assam,Sonitpur,www.tezpurlawcollege.ac.in,1972,Urban,Affiliated College,Private Un-Aided,"Gauhati University, Guwahati",State Public University
C-71188,REGIONAL COLLEGE OF HEALTH SCIENCES,Assam,Kamrup Metro,www.rchsassam.org,-,Urban,Affiliated College,Private Un-Aided,"SRIMANTA SANKARADEVA UNIVERSITY OF HEALTH SCIENCES, GUWAHATI",State Public University
C-63732,MONMOHAN GHOSH ANIL DAS MEMORIAL COLLEGE ,Assam,Cachar,www.mmgadcollege.ac.in,2015,Rural,Affiliated College,Private Un-Aided,"Assam University, Silchar",Central University
C-71198,ASSAM OIL COLLEGE OF NURSING,Assam,Tinsukia,aocndigboi.in,-,Rural,Affiliated College,Private Un-Aided,"SRIMANTA SANKARADEVA UNIVERSITY OF HEALTH SCIENCES, GUWAHATI",State Public University
C-17225,Bajali T.T.College,Assam,Barpeta,www.bajalittcollege.in,1992,Rural,Affiliated College,Private Un-Aided,"Gauhati University, Guwahati",State Public University
C-71224,DUNI DEGREE COLLEGE,Assam,Darrang,dunidegreecollege.in,-,Rural,Affiliated College,Private Aided (Government Aided),"Gauhati University, Guwahati",State Public University
C-71225,DEOPANI COLLEGE,Assam,Karbi Anglong,www.deopanicollege.in,-,Rural,Affiliated College,Private Aided (Government Aided),"Assam University, Silchar",Central University
C-70600,J B COLLEGE OF HEALTH SCIENCES,Assam,Kamrup Metro,jbcohs.in,-,Urban,Affiliated College,Private Un-Aided,"SRIMANTA SANKARADEVA UNIVERSITY OF HEALTH SCIENCES, GUWAHATI",State Public University
C-71228,"HAYAT INSTITUTE OF NURSING EDUCATION, HINE",Assam,Kamrup Metro,www.hine.co.in,-,Urban,Affiliated College,Private Un-Aided,"SRIMANTA SANKARADEVA UNIVERSITY OF HEALTH SCIENCES, GUWAHATI",State Public University
C-71229,AYUSH PHARMACY INSTITUTE,Assam,Jorhat,https://ayushpharmajrt.in/,-,Rural,Affiliated College,Private Un-Aided,"SRIMANTA SANKARADEVA UNIVERSITY OF HEALTH SCIENCES, GUWAHATI",State Public University
C-74040,NERIM LAW COLLEGE    ,Assam,Kamrup Metro,nerimindia.in,2006,Urban,Affiliated College,Private Un-Aided,"Dibrugarh University, Dibrugarh",State Public University
C-73581,"GOVERNMENT MODEL DEGREE COLLEGE, DIBLONG, DIMA HASAO    ",Assam,Dima Hasao,gmdcdiblong.edu.in,2023,Rural,Affiliated College,State Government,"Assam University, Silchar",Central University
C-17303,Bapujee College,Assam,Barpeta,www.bapujeecollege.ac.in,1970,Rural,Affiliated College,Central Government,"Gauhati University, Guwahati",State Public University
C-73161,TINSUKIA MEDICAL COLLEGE AND HOSPITAL    ,Assam,Tinsukia,www.tinsukiamedicalcollege.in,2023,Rural,Affiliated College,State Government,"SRIMANTA SANKARADEVA UNIVERSITY OF HEALTH SCIENCES, GUWAHATI",State Public University
C-49259,"ST XAVIER'S COLLEGE, TEZPUR",Assam,Sonitpur,www.sxctezpur.in,2013,Rural,Affiliated College,Private Un-Aided,"Gauhati University, Guwahati",State Public University
C-71172,"WAISONG COLLEGE, HAMREN",Assam,West Karbi Anglong,www.waisongcollege.org,-,Urban,Affiliated College,Private Aided (Government Aided),"Assam University, Silchar",Central University
C-17352,Nagaon G.N.D.G. Commerce College,Assam,Nagaon,www.ngndgccollege.edu.in,1984,Urban,Affiliated College,State Government,"Gauhati University, Guwahati",State Public University
C-17351,Kampur College,Assam,Nagaon,www.kampurcollege.ac.in,1968,Rural,Affiliated College,State Government,"Gauhati University, Guwahati",State Public University
C-17273,Paschim Guwahati Mahavidyalaya,Assam,Kamrup Metro,www.pgmdharapur.ac.in,1978,Rural,Affiliated College,State Government,"Gauhati University, Guwahati",State Public University
C-17252,Krishna Bora B.Ed. College,Assam,Hojai,kbbedcollege.org,1996,Urban,Affiliated College,Private Un-Aided,"Gauhati University, Guwahati",State Public University
C-71463,BURHINAGAR DEGREE COLLEGE,Assam,Darrang,www.burhinagardegreecollege.ac.in,-,Rural,Affiliated College,Private Un-Aided,"Gauhati University, Guwahati",State Public University
C-17326,Kharupetia College,Assam,Darrang,www.kharupetiacollege.ac.in,1981,Rural,Affiliated College,State Government,"Gauhati University, Guwahati",State Public University
C-17272,Manikpur Anchalik College,Assam,Bongaigaon,www.manikpuranchalikcollege.ac.in,1993,Rural,Affiliated College,State Government,"Gauhati University, Guwahati",State Public University
C-17216,State College of Music,Assam,Kamrup Metro,www.lkrbmusic.org.in,1981,Urban,Affiliated College,State Government,"Gauhati University, Guwahati",State Public University
C-73159,JETTWINGS BUSINESS SCHOOL    ,Assam,Kamrup Metro,www.jettwings.com ,2018,Urban,Affiliated College,Private Un-Aided,"Gauhati University, Guwahati",State Public University
C-17213,Mandia Anchalik College,Assam,Barpeta,www.macollege.co.in,1981,Rural,Affiliated College,State Government,"Gauhati University, Guwahati",State Public University
C-17212,Binandi Chandra Medhi College,Assam,Kamrup,www.bcmcollege.in,1992,Rural,Affiliated College,State Government,"Gauhati University, Guwahati",State Public University
C-17092,K.R.D. College of Education,Assam,Kamrup,krdcollege.in,1993,Rural,Affiliated College,Private Un-Aided,"Gauhati University, Guwahati",State Public University
C-59837,"PANDIT DEENDAYAL UPADHYAYA ADARSHA MAHAVIDYALAYA, TULUNGIA",Assam,Bongaigaon,www.pduamtulungia.co.in,2017,Rural,Affiliated College,State Government,"Gauhati University, Guwahati",State Public University
C-70833,DAFFODIL COLLEGE OF AGRICULTURE AND TECHNOLOGY,Assam,Kamrup Metro,www.daffodilagricol.com,-,Rural,Affiliated College,Private Un-Aided,ASSAM SCIENCE AND TECHNOLOGY UNIVERSITY,State Public University
C-17315,Agia College,Assam,Goalpara,http://agiacollege.co.in,1996,Rural,Affiliated College,State Government,"Gauhati University, Guwahati",State Public University
C-8389,H.C.D.G. College P.O. Nitaipukhuri-785671,Assam,Sivasagar,www.hcdgcollege.org,1965,Rural,Affiliated College,State Government,"Dibrugarh University, Dibrugarh",State Public University
C-59823,AJMAL LAW COLLEGE HOJAI,Assam,Hojai,https://ajmallawcollege.in/,2018,Rural,Affiliated College,Private Un-Aided,"Gauhati University, Guwahati",State Public University
C-73081,HEALTH CITY INSTITUTE OF NURSING AND PARAMEDICAL SCIENCES    ,Assam,Kamrup Metro,www.healthcityinps.com,2024,Urban,Affiliated College,Private Aided (Government Aided),"SRIMANTA SANKARADEVA UNIVERSITY OF HEALTH SCIENCES, GUWAHATI",State Public University
C-71190,JORHAT INSTITUTE OF NURSING,Assam,Jorhat,www.sankarmadhav.com,-,Rural,Affiliated College,Private Un-Aided,"SRIMANTA SANKARADEVA UNIVERSITY OF HEALTH SCIENCES, GUWAHATI",State Public University
C-52241,BOSCO INSTITUTE,Assam,Jorhat,www.bosocinstitute.org,2008,Rural,Affiliated College,Private Un-Aided,"Dibrugarh University, Dibrugarh",State Public University
C-17271,Goalpara College,Assam,Goalpara,www.goalparacollege.ac.in,1955,Urban,Affiliated College,State Government,"Gauhati University, Guwahati",State Public University
C-55930,Huda Group of Institutions,Assam,Nagaon,www.mwes.in,-,Rural,Affiliated College,Private Un-Aided,"SRIMANTA SANKARADEVA UNIVERSITY OF HEALTH SCIENCES, GUWAHATI",State Public University
C-8425,Doom Dooma College ,Assam,Tinsukia,http://doomdoomacollege.edu.in,1967,Rural,Affiliated College,State Government,"Dibrugarh University, Dibrugarh",State Public University
C-8375,Bihpuria College P.O. Bihpuria-784161,Assam,Lakhimpur,www.bihpuriacollege.edu.in,1973,Rural,Affiliated College,State Government,"Dibrugarh University, Dibrugarh",State Public University
C-17127,"Govt. College of Teacher Education, Kokrajhar",Assam,Kokrajhar,www.govtctekokrajhar.ac.in,1971,Urban,Affiliated College,State Government,"Gauhati University, Guwahati",State Public University
C-71464,DEBABRAT BHUYAN COLLEGE,Assam,Biswanath,https://debabratbhuyancollege.in,-,Rural,Affiliated College,Private Un-Aided,"Gauhati University, Guwahati",State Public University
C-52240,"ATAUR RAHMAN COLLEGE OF EDUCATION, UDMARI.",Assam,Barpeta,www.arce-assam.org,2006,Rural,Affiliated College,Private Aided (Government Aided),"Gauhati University, Guwahati",State Public University
C-71465,MANGALDAI DEGREE GIRLS COLLEGE,Assam,Darrang,mangaldaidereegirlscollege.com,-,Rural,Affiliated College,Local Body,"Gauhati University, Guwahati",State Public University
C-17300, K.K. Handique Govt Sanskrit College,Assam,Kamrup Metro,www.kkhgsc.org,1970,Urban,Affiliated College,State Government,"Gauhati University, Guwahati",State Public University
C-8423,Silapathar Town College P.O.Silapathar- 787059,Assam,Dhemaji,www.silapathartc.in,1993,Rural,Affiliated College,State Government,"Dibrugarh University, Dibrugarh",State Public University
C-17345,Kaliabor College of Education,Assam,Nagaon,www.kaliaborcollegeofeducation.org,1992,Rural,Affiliated College,Private Aided (Government Aided),"Gauhati University, Guwahati",State Public University
C-17286,Birjhora Kanya Mahavidyalaya,Assam,Bongaigaon,www.bkmac.in,1993,Urban,Affiliated College,State Government,"Gauhati University, Guwahati",State Public University
C-17314,Suren Das College,Assam,Kamrup,www.surendascollege.co.in,1979,Rural,Affiliated College,State Government,"Gauhati University, Guwahati",State Public University
C-61892,Tata Institute of Social Sciences Guwahati Campus,Assam,Kamrup Metro,www.tiss.edu,1936,Urban,PG Center / Off-Campus Center,University,"Tata Institute of Social Sciences, Mumbai",Deemed University-Government Aided
C-64584,BRIGHT FUTURE MODEL COLLEGE,Assam,Hojai,www.ahsec.in,2020,Rural,Affiliated College,Private Un-Aided,"Gauhati University, Guwahati",State Public University
C-8392,"Laimekuri College P.O. Laimekuri, Jonai Dist. Dhemaji Pin. 787060",Assam,Dhemaji,www.laimekuricollege,1996,Rural,Affiliated College,Local Body,"Dibrugarh University, Dibrugarh",State Public University
C-48729,"INSTITUTE OF PHARMACY, ASSAM MEDICAL COLLEGE, DIBRUGARH",Assam,Dibrugarh,www.amch.edu.in,-,Urban,Affiliated College,State Government,"SRIMANTA SANKARADEVA UNIVERSITY OF HEALTH SCIENCES, GUWAHATI",State Public University
C-26446,Howragath College,Assam,Karbi Anglong,www.aishe.gov.in,-,Rural,Affiliated College,Private Un-Aided,"Assam University, Silchar",Central University
C-64585,DAFFODIL COLLEGE OF HORTICULTURE,Assam,Kamrup Metro,www.daffodilhorticol.com,2020,Rural,Affiliated College,Private Aided (Government Aided),ASSAM SCIENCE AND TECHNOLOGY UNIVERSITY,State Public University
C-64586,DHEMAJI ENGINEERING COLLEGE,Assam,Dhemaji,https://dec.ac.in,2020,Rural,Affiliated College,State Government,ASSAM SCIENCE AND TECHNOLOGY UNIVERSITY,State Public University
C-17340,DHARMASALA COLLEGE ,Assam,Dhubri,www.dharmasalacollege.com,1993,Rural,Affiliated College,State Government,"Gauhati University, Guwahati",State Public University
C-62852,KHAIRUN NESSA BEGUM WOMENS COLLEGE,Assam,Karimganj,www.knbwomenscollege.org,2015,Rural,Affiliated College,Private Un-Aided,"Assam University, Silchar",Central University
C-8385,Jonai Girls College P.O. Jonai,Assam,Dhemaji,www.jonaigirlscollege.in,1994,Rural,Affiliated College,State Government,"Dibrugarh University, Dibrugarh",State Public University
C-17358,Samaguri College,Assam,Nagaon,www.samaguricollege.org.in,1990,Rural,Affiliated College,State Government,"Gauhati University, Guwahati",State Public University
C-17270,Dr. B.K.B. College,Assam,Nagaon,www.bkbcollege.in,1967,Rural,Affiliated College,State Government,"Gauhati University, Guwahati",State Public University
C-8397,Rangachachi College P.O. Majuli,Assam,Majuli,www.rangachahicollege.com,1983,Rural,Affiliated College,State Government,"Dibrugarh University, Dibrugarh",State Public University
C-8429,Sonari College P.O. Sonari-785690,Assam,Charaideo,www.sonaricollege.in,1970,Urban,Affiliated College,State Government,"Dibrugarh University, Dibrugarh",State Public University
C-65154,KACHUA TINIALI COLLEGE,Assam,Nagaon,WWW.KACHUA TINIALI COLLEGE.IN,2015,Rural,Affiliated College,Private Un-Aided,"Gauhati University, Guwahati",State Public University
C-8409,Moran Mahila Mahavidyalaya ,Assam,Charaideo,www.moranmahilamahavidyalaya.ac.in,1992,Urban,Affiliated College,State Government,"Dibrugarh University, Dibrugarh",State Public University
C-60499,"ZAMDUAR COLLEGE, SARAIBIL",Assam,Kokrajhar,www.zamduarcollege.edu.in,2008,Rural,Affiliated College,Local Body,BODOLAND UNIVERSITY,State Public University
C-49257,DR SARVEPOLLI RADHAKRISHNNAN TEACHERS TRAINING & RESEARCH INSTITUTE,Assam,Nalbari,WWW.DSRTTRI.AC.IN,-,Rural,Affiliated College,Private Un-Aided,"Gauhati University, Guwahati",State Public University
C-8437,Sapekhati College P.O. Sapekhati-785692,Assam,Charaideo,www.sapekhaticollege.co.in,1988,Rural,Affiliated College,State Government,"Dibrugarh University, Dibrugarh",State Public University
C-8436,Jhanji Hemnath Sarma College ,Assam,Sivasagar,www.jhanjihnscollege.edu.in,1964,Rural,Affiliated College,State Government,"Dibrugarh University, Dibrugarh",State Public University
C-8431,Borholla College P.O. Borholla-785631 District- Jorhat,Assam,Jorhat,borhollacollege.edu.in,1990,Rural,Affiliated College,State Government,"Dibrugarh University, Dibrugarh",State Public University
C-59591,Apollo College of Nursing,Assam,Kamrup Metro,www.internationalhosp.com,2016,Urban,Affiliated College,Private Un-Aided,"SRIMANTA SANKARADEVA UNIVERSITY OF HEALTH SCIENCES, GUWAHATI",State Public University
C-58616,Chunari College,Assam,Goalpara,www.chunaricollege.com,1998,Rural,Affiliated College,Local Body,"Gauhati University, Guwahati",State Public University
C-61139,RAHMAN HOSPITALS COLLEGE OF NURSING(Under Rahman Institute of Nursing and Paramedical Sciences),Assam,Kamrup Metro,rinps.org,2017,Urban,Affiliated College,Private Un-Aided,"SRIMANTA SANKARADEVA UNIVERSITY OF HEALTH SCIENCES, GUWAHATI",State Public University
C-17242,Bodofa U.N. Brahma College,Assam,Kokrajhar,www.bodofaunbc.ac.in,1997,Rural,Affiliated College,State Government,BODOLAND UNIVERSITY,State Public University
C-17247,Hamidabad College,Assam,Dhubri,www.hamidabadcollege.in,1979,Rural,Affiliated College,State Government,"Gauhati University, Guwahati",State Public University
C-17130,Bengtol College,Assam,Chirang,www.bengtolcollege.ac.in,1981,Rural,Affiliated College,State Government,BODOLAND UNIVERSITY,State Public University
C-51004,Indian Yoga Culture and Yoga Therapy Centre,Assam,Kamrup Metro,http://www.iycytc.in/,-,Urban,Affiliated College,Private Un-Aided,"SRIMANTA SANKARADEVA UNIVERSITY OF HEALTH SCIENCES, GUWAHATI",State Public University
C-48728,"INSTITUTE OF PARAMEDICAL SCIENCES, DIBRUGARH",Assam,Dibrugarh,www.amch.edu.in,-,Urban,Affiliated College,State Government,"SRIMANTA SANKARADEVA UNIVERSITY OF HEALTH SCIENCES, GUWAHATI",State Public University
C-48736,"SJN HOMOEOPATHIC MEDICAL COLLEGE, GUWAHATI, PANJABARI",Assam,Kamrup Metro,www.sjnhmc.org,-,Urban,Affiliated College,State Government,"SRIMANTA SANKARADEVA UNIVERSITY OF HEALTH SCIENCES, GUWAHATI",State Public University
C-17346,Bilasipara College,Assam,Dhubri,www.bilasiparacollege.org,1960,Urban,Affiliated College,State Government,"Gauhati University, Guwahati",State Public University
C-8369,Dhemaji College P.O. Dhemaji-787057,Assam,Dhemaji,www.dhemajicollege.in,1965,Urban,Affiliated College,State Government,"Dibrugarh University, Dibrugarh",State Public University
C-26411,Lala Rural College,Assam,Hailakandi,www.lrcollege.ac.in,1964,Urban,Affiliated College,State Government,"Assam University, Silchar",Central University
C-17235,"Girl's College, Kokrajhar",Assam,Kokrajhar,www.gckokrajhar.ac.in,1990,Rural,Affiliated College,State Government,"Gauhati University, Guwahati",State Public University
C-8368,Lakhimpur Kendriya Mahavidiyalaya. Lakhimpur--787001,Assam,Lakhimpur,www.lkmahavidyalaya.edu.in,1992,Rural,Affiliated College,State Government,"Dibrugarh University, Dibrugarh",State Public University
C-8367,Duliajan Girls College P.O.Duliajan-786602,Assam,Dibrugarh,https://duliajangirlscollege.org,1992,Rural,Affiliated College,State Government,"Dibrugarh University, Dibrugarh",State Public University
C-8366,Laluk College P.O.Laluk-784160,Assam,Lakhimpur,www.lalukcollege.in,1985,Rural,Affiliated College,State Government,"Dibrugarh University, Dibrugarh",State Public University
C-71221,"INSTITUTE OF PARAMEDICAL SCIENCES, ATTACHED TO GAUHATI MEDICAL COLLEGE, GUWAHATI",Assam,Kamrup Metro,https://instituteofparamedicalsciences.godaddysites.com,-,Urban,Affiliated College,State Government,"SRIMANTA SANKARADEVA UNIVERSITY OF HEALTH SCIENCES, GUWAHATI",State Public University
C-8365,Tinsukia Law College. Tinsukia,Assam,Tinsukia,www.tlc1973.org,1976,Urban,Affiliated College,Private Un-Aided,"Dibrugarh University, Dibrugarh",State Public University
C-17343,Jagiroad College,Assam,Marigaon,www.jagiroadcollege.co.in,1979,Rural,Affiliated College,State Government,"Gauhati University, Guwahati",State Public University
C-8434,Namrup College P.O.Namrup-786623,Assam,Dibrugarh,https://namrupcollege.edu.in,1973,Rural,Affiliated College,State Government,"Dibrugarh University, Dibrugarh",State Public University
C-8376,Margherita College ,Assam,Tinsukia,margheritacollege.in,1978,Urban,Affiliated College,State Government,"Dibrugarh University, Dibrugarh",State Public University
C-8433,North Bank College P.O.Ghilamora-787053,Assam,Lakhimpur,https://northbankcollege.ac.in,1961,Rural,Affiliated College,State Government,"Dibrugarh University, Dibrugarh",State Public University
C-8430,Lakhimpur Post Graduate Training College . Lakhimpur,Assam,Lakhimpur,www.lpgtcollege.org,1976,Urban,Affiliated College,Private Aided (Government Aided),"Dibrugarh University, Dibrugarh",State Public University
C-17342,Rangapara College,Assam,Sonitpur,https://rcr.ac.in/,1979,Rural,Affiliated College,State Government,"Gauhati University, Guwahati",State Public University
C-8410,Naharkatiya College. Naharkatiya,Assam,Dibrugarh,www.naharkatiyacollege.com,1964,Rural,Affiliated College,State Government,"Dibrugarh University, Dibrugarh",State Public University
